-- MySQL dump 10.13  Distrib 8.0.18, for osx10.14 (x86_64)
--
-- Host: localhost    Database: vk
-- ------------------------------------------------------
-- Server version	8.0.18

/*!40101 SET @OLD_CHARACTER_SET_CLIENT=@@CHARACTER_SET_CLIENT */;
/*!40101 SET @OLD_CHARACTER_SET_RESULTS=@@CHARACTER_SET_RESULTS */;
/*!40101 SET @OLD_COLLATION_CONNECTION=@@COLLATION_CONNECTION */;
/*!50503 SET NAMES utf8mb4 */;
/*!40103 SET @OLD_TIME_ZONE=@@TIME_ZONE */;
/*!40103 SET TIME_ZONE='+00:00' */;
/*!40014 SET @OLD_UNIQUE_CHECKS=@@UNIQUE_CHECKS, UNIQUE_CHECKS=0 */;
/*!40014 SET @OLD_FOREIGN_KEY_CHECKS=@@FOREIGN_KEY_CHECKS, FOREIGN_KEY_CHECKS=0 */;
/*!40101 SET @OLD_SQL_MODE=@@SQL_MODE, SQL_MODE='NO_AUTO_VALUE_ON_ZERO' */;
/*!40111 SET @OLD_SQL_NOTES=@@SQL_NOTES, SQL_NOTES=0 */;

--
-- Table structure for table `communities`
--

DROP TABLE IF EXISTS `communities`;
/*!40101 SET @saved_cs_client     = @@character_set_client */;
/*!50503 SET character_set_client = utf8mb4 */;
CREATE TABLE `communities` (
  `id` int(10) unsigned NOT NULL AUTO_INCREMENT,
  `name` varchar(150) CHARACTER SET utf8 COLLATE utf8_unicode_ci NOT NULL,
  PRIMARY KEY (`id`),
  UNIQUE KEY `name` (`name`)
) ENGINE=InnoDB AUTO_INCREMENT=31 DEFAULT CHARSET=utf8 COLLATE=utf8_unicode_ci;
/*!40101 SET character_set_client = @saved_cs_client */;

--
-- Dumping data for table `communities`
--

LOCK TABLES `communities` WRITE;
/*!40000 ALTER TABLE `communities` DISABLE KEYS */;
INSERT INTO `communities` VALUES (9,'aspernatur'),(10,'aut'),(29,'autem'),(19,'blanditiis'),(3,'corporis'),(26,'cum'),(16,'deleniti'),(21,'esse'),(7,'et'),(27,'explicabo'),(17,'ipsam'),(11,'itaque'),(4,'iusto'),(22,'magnam'),(2,'maxime'),(25,'non'),(18,'nostrum'),(1,'nulla'),(28,'omnis'),(6,'perspiciatis'),(8,'porro'),(5,'qui'),(30,'quis'),(13,'quos'),(20,'rem'),(14,'sapiente'),(24,'sint'),(23,'tempora'),(12,'tenetur'),(15,'voluptas');
/*!40000 ALTER TABLE `communities` ENABLE KEYS */;
UNLOCK TABLES;

--
-- Table structure for table `communities_users`
--

DROP TABLE IF EXISTS `communities_users`;
/*!40101 SET @saved_cs_client     = @@character_set_client */;
/*!50503 SET character_set_client = utf8mb4 */;
CREATE TABLE `communities_users` (
  `community_id` int(10) unsigned NOT NULL,
  `user_id` int(10) unsigned NOT NULL,
  PRIMARY KEY (`community_id`,`user_id`)
) ENGINE=InnoDB DEFAULT CHARSET=utf8 COLLATE=utf8_unicode_ci;
/*!40101 SET character_set_client = @saved_cs_client */;

--
-- Dumping data for table `communities_users`
--

LOCK TABLES `communities_users` WRITE;
/*!40000 ALTER TABLE `communities_users` DISABLE KEYS */;
INSERT INTO `communities_users` VALUES (1,1),(1,21),(1,31),(1,51),(1,61),(1,91),(2,2),(2,22),(2,32),(2,52),(2,62),(2,92),(3,3),(3,23),(3,33),(3,53),(3,63),(3,93),(4,4),(4,24),(4,34),(4,54),(4,64),(4,94),(5,5),(5,25),(5,35),(5,55),(5,65),(5,95),(6,6),(6,26),(6,36),(6,56),(6,66),(6,96),(7,7),(7,27),(7,37),(7,57),(7,67),(7,97),(8,8),(8,28),(8,38),(8,58),(8,68),(8,98),(9,9),(9,29),(9,39),(9,59),(9,69),(9,99),(10,10),(10,30),(10,40),(10,60),(10,70),(10,100),(11,1),(11,11),(11,31),(11,41),(11,61),(11,71),(12,2),(12,12),(12,32),(12,42),(12,62),(12,72),(13,3),(13,13),(13,33),(13,43),(13,63),(13,73),(14,4),(14,14),(14,34),(14,44),(14,64),(14,74),(15,5),(15,15),(15,35),(15,45),(15,65),(15,75),(16,6),(16,16),(16,36),(16,46),(16,66),(16,76),(17,7),(17,17),(17,37),(17,47),(17,67),(17,77),(18,8),(18,18),(18,38),(18,48),(18,68),(18,78),(19,9),(19,19),(19,39),(19,49),(19,69),(19,79),(20,10),(20,20),(20,40),(20,50),(20,70),(20,80),(21,11),(21,21),(21,41),(21,51),(21,71),(21,81),(22,12),(22,22),(22,42),(22,52),(22,72),(22,82),(23,13),(23,23),(23,43),(23,53),(23,73),(23,83),(24,14),(24,24),(24,44),(24,54),(24,74),(24,84),(25,15),(25,25),(25,45),(25,55),(25,75),(25,85),(26,16),(26,26),(26,46),(26,56),(26,76),(26,86),(27,17),(27,27),(27,47),(27,57),(27,77),(27,87),(28,18),(28,28),(28,48),(28,58),(28,78),(28,88),(29,19),(29,29),(29,49),(29,59),(29,79),(29,89),(30,20),(30,30),(30,50),(30,60),(30,80),(30,90);
/*!40000 ALTER TABLE `communities_users` ENABLE KEYS */;
UNLOCK TABLES;

--
-- Table structure for table `friendnship`
--

DROP TABLE IF EXISTS `friendnship`;
/*!40101 SET @saved_cs_client     = @@character_set_client */;
/*!50503 SET character_set_client = utf8mb4 */;
CREATE TABLE `friendnship` (
  `user_id` int(10) unsigned NOT NULL,
  `friend_id` int(10) unsigned NOT NULL,
  `status_id` int(10) unsigned NOT NULL,
  `requested_at` datetime DEFAULT CURRENT_TIMESTAMP,
  `confirmed_at` datetime DEFAULT NULL,
  PRIMARY KEY (`user_id`,`friend_id`)
) ENGINE=InnoDB DEFAULT CHARSET=utf8 COLLATE=utf8_unicode_ci;
/*!40101 SET character_set_client = @saved_cs_client */;

--
-- Dumping data for table `friendnship`
--

LOCK TABLES `friendnship` WRITE;
/*!40000 ALTER TABLE `friendnship` DISABLE KEYS */;
INSERT INTO `friendnship` VALUES (1,16,2,'1992-01-17 20:36:50','2001-04-30 02:07:15'),(1,37,1,'2006-04-27 00:19:24','1987-06-06 12:57:41'),(1,41,2,'1976-02-29 00:54:35','1970-05-01 02:53:54'),(2,7,3,'2002-08-21 07:37:04','2002-05-10 12:46:38'),(2,14,1,'1983-06-30 09:13:03','1997-08-24 21:28:39'),(2,56,3,'1978-09-11 18:38:54','2015-03-29 02:28:20'),(2,76,2,'2018-10-13 19:57:05','1976-10-12 01:40:27'),(3,3,3,'1993-03-26 06:12:45','1986-02-19 13:34:11'),(3,37,1,'2018-04-18 06:38:56','2001-09-08 10:36:32'),(3,51,3,'1994-06-09 05:06:40','2014-05-24 09:34:57'),(4,85,1,'1973-09-19 16:30:51','2007-01-28 23:22:00'),(5,42,1,'1983-11-28 11:57:47','2003-04-27 01:23:12'),(6,42,3,'1991-04-29 14:26:12','2006-10-31 16:47:42'),(6,51,2,'1970-03-01 21:20:44','2000-07-27 03:21:31'),(6,59,1,'2005-03-26 07:29:50','2002-06-02 15:06:23'),(6,70,3,'2010-09-03 21:18:47','2008-04-25 08:54:44'),(7,1,2,'1988-07-09 19:21:02','1984-11-02 10:35:59'),(8,7,3,'1987-05-11 17:52:39','1979-06-03 23:20:57'),(8,8,1,'1977-05-16 20:04:10','2015-07-24 14:22:47'),(8,87,1,'1988-09-30 09:52:20','1998-01-21 15:39:09'),(9,78,2,'1985-05-28 19:27:47','1977-12-17 00:26:11'),(9,86,3,'2018-07-08 20:35:12','1981-03-05 10:23:56'),(10,23,3,'1984-08-28 12:54:13','2000-11-07 09:37:03'),(10,53,1,'1976-07-02 03:18:59','1995-06-08 19:11:35'),(11,47,3,'1990-09-21 00:56:10','2006-03-14 15:17:27'),(12,3,1,'2010-03-29 08:59:41','1972-08-20 11:05:49'),(12,18,2,'1992-06-19 00:58:15','2008-08-13 00:27:02'),(12,62,3,'2004-09-29 10:24:20','1988-04-19 04:07:43'),(12,65,2,'1978-11-05 20:07:46','1973-12-15 11:35:29'),(13,84,1,'2006-05-24 08:58:28','1973-04-10 08:40:29'),(13,93,1,'1984-08-29 22:01:28','1982-01-01 08:25:12'),(14,5,3,'1975-09-14 15:13:58','1991-03-18 06:07:57'),(14,17,1,'1981-03-11 00:15:56','2019-03-12 09:18:36'),(14,46,2,'1987-05-20 15:42:48','2003-02-24 23:47:11'),(14,78,2,'1970-03-12 23:45:00','2009-09-07 05:05:15'),(15,30,2,'2002-10-26 09:33:45','1981-12-06 22:29:51'),(15,59,1,'2002-01-21 21:36:49','2013-05-16 01:22:13'),(16,11,2,'1994-11-25 06:19:06','2012-11-21 06:43:03'),(16,40,1,'2004-12-04 09:27:15','1972-04-04 00:38:57'),(16,54,3,'1970-01-15 09:41:57','2018-07-06 23:14:57'),(16,99,3,'2000-04-08 18:24:31','2002-10-12 00:15:45'),(16,100,2,'1982-04-10 09:23:31','1991-12-12 17:24:45'),(18,17,3,'2011-08-21 15:36:48','1999-09-07 02:54:52'),(18,38,2,'1983-10-05 07:59:46','1986-01-07 22:33:37'),(19,28,1,'1996-08-04 14:00:24','1975-07-19 08:02:02'),(19,98,3,'1988-08-01 03:34:07','1972-10-06 06:15:03'),(19,99,2,'1975-08-22 08:40:01','1970-01-27 03:35:57'),(20,50,3,'1975-08-23 11:45:34','2009-01-09 18:12:49'),(21,16,3,'1994-03-12 05:29:13','2017-11-30 13:41:39'),(21,69,2,'1999-10-11 05:56:32','2009-09-23 22:56:55'),(22,10,3,'2018-03-19 12:08:00','1981-12-19 16:49:47'),(22,20,1,'1988-10-09 08:10:20','1980-11-17 10:00:17'),(22,54,3,'1986-05-10 10:09:29','2001-06-28 07:55:13'),(22,61,1,'1985-12-02 17:56:52','1977-10-28 06:44:11'),(22,67,3,'2018-04-10 18:14:37','1975-02-01 05:07:07'),(22,70,3,'2013-07-19 07:47:18','1992-06-15 17:23:17'),(22,90,1,'1987-01-05 14:07:13','2013-10-20 07:55:07'),(23,17,3,'1989-09-12 18:31:44','1979-07-13 10:09:31'),(23,18,1,'1985-04-21 06:07:13','2010-01-17 10:08:24'),(23,47,1,'1986-04-08 07:43:47','2008-08-24 11:42:47'),(23,63,3,'2011-01-15 03:38:28','1995-02-25 10:18:31'),(24,8,1,'2001-03-26 09:18:08','1999-06-08 09:51:25'),(24,49,2,'1973-11-22 07:06:17','2008-10-15 22:55:09'),(24,83,2,'1988-09-21 16:59:47','2012-07-13 23:00:50'),(25,3,1,'2008-05-03 12:03:48','1996-05-29 09:11:31'),(25,53,2,'2018-02-12 03:56:11','2001-09-20 16:51:42'),(25,87,1,'1981-12-29 20:19:45','1972-06-06 02:52:01'),(26,1,1,'2016-01-15 07:30:28','1976-09-10 04:29:43'),(26,11,3,'2005-03-19 13:35:24','1995-07-23 17:13:41'),(27,59,3,'2002-09-27 06:44:39','1989-12-10 15:14:01'),(27,84,2,'1974-11-23 15:32:45','2017-11-29 02:24:01'),(27,86,2,'2002-11-14 23:50:59','1979-08-19 06:31:03'),(28,2,2,'1978-07-05 05:06:49','2003-10-31 22:11:12'),(28,7,2,'2009-03-03 19:23:11','1992-01-21 02:24:02'),(28,29,1,'2007-11-13 14:53:49','2004-10-02 01:51:04'),(29,70,3,'1983-11-14 20:17:48','2000-02-02 15:29:53'),(29,72,1,'1989-05-30 00:45:02','1981-03-09 04:01:13'),(29,100,1,'1979-08-17 14:07:59','1982-02-27 17:08:26'),(30,39,1,'1995-12-11 13:45:02','2019-02-18 21:54:29'),(30,77,1,'1974-02-12 12:21:18','1978-09-08 10:12:56'),(31,30,1,'2014-05-29 16:34:57','1983-07-04 02:30:31'),(31,56,1,'2009-12-21 00:54:47','1983-06-23 03:20:28'),(31,62,2,'1988-03-14 13:22:48','1985-03-31 21:37:46'),(32,3,3,'2002-03-02 02:58:04','2008-11-15 14:32:55'),(32,13,3,'1970-12-21 19:35:46','2015-03-07 06:07:37'),(32,45,2,'1994-11-02 11:59:11','1982-02-24 06:27:45'),(32,97,2,'2006-07-13 08:16:02','1993-01-26 04:47:21'),(34,81,2,'1988-07-16 00:07:10','1986-07-12 15:08:39'),(35,64,2,'2018-11-25 17:54:01','1996-09-04 08:20:39'),(35,82,2,'2005-09-18 00:36:06','2010-11-07 08:29:26'),(36,33,3,'1978-08-30 08:22:30','2007-01-17 00:45:43'),(37,10,1,'2011-11-07 14:04:07','1986-07-18 04:29:49'),(37,49,2,'1983-06-03 14:58:14','1979-10-20 11:06:53'),(38,71,2,'1995-09-12 22:56:53','1972-10-29 00:49:01'),(38,98,2,'1985-03-29 11:57:03','1997-03-03 13:50:23'),(39,52,1,'2012-05-27 18:33:35','2018-01-27 05:17:24'),(39,66,2,'1977-10-22 16:48:01','1977-05-03 00:11:14'),(40,15,1,'1990-02-07 22:27:09','1977-02-18 13:16:11'),(41,15,3,'1998-11-22 19:36:26','1996-08-28 17:49:09'),(42,9,2,'2014-03-28 00:49:16','2002-10-09 20:02:02'),(42,87,3,'1993-05-13 10:33:22','1976-12-09 21:19:50'),(43,9,1,'1975-07-02 14:19:33','1979-09-20 11:07:55'),(43,25,3,'1994-11-17 22:59:22','2003-11-18 19:56:12'),(43,29,3,'1989-11-14 05:35:25','2000-01-04 04:17:38'),(43,73,3,'1988-10-31 07:21:46','1984-09-27 08:38:55'),(44,59,2,'1994-05-01 00:30:57','2000-12-07 16:21:28'),(45,56,3,'1978-07-22 10:34:01','1982-09-01 22:18:06'),(45,77,1,'1994-01-12 00:44:51','1977-09-29 02:15:06'),(46,7,2,'2007-08-15 12:42:18','1976-07-30 10:39:22'),(46,8,1,'1996-03-11 22:03:04','1991-11-27 11:01:29'),(46,51,1,'1998-10-11 06:02:48','1973-12-27 05:50:48'),(46,95,2,'1997-05-03 07:26:43','2016-04-06 20:46:06'),(47,6,1,'2014-08-31 12:45:57','1988-04-11 13:54:31'),(47,7,2,'1975-03-12 01:38:12','1986-10-27 08:28:13'),(47,54,2,'2007-12-10 08:28:15','2011-11-17 09:39:26'),(47,90,2,'1992-04-08 14:42:30','1982-06-03 21:00:27'),(48,64,1,'1974-01-01 14:46:05','2012-06-17 21:39:40'),(48,84,1,'1975-05-07 01:39:05','2016-06-16 10:17:49'),(49,59,1,'2007-10-29 17:54:25','1992-11-01 12:24:18'),(49,96,1,'1982-12-03 03:42:30','1981-03-05 22:29:29'),(50,74,3,'1992-02-25 09:52:29','1993-09-24 22:49:43'),(50,75,2,'1997-04-17 17:35:45','1974-06-27 21:12:45'),(50,94,3,'2002-03-09 01:29:22','2012-12-24 06:53:52'),(50,95,1,'1971-04-12 07:56:04','1976-10-13 09:26:08'),(52,54,2,'2019-05-24 21:18:38','2009-10-02 10:58:13'),(52,64,1,'2013-11-26 20:48:58','2005-07-18 03:32:00'),(52,96,1,'1994-06-27 01:20:01','1974-09-11 18:33:54'),(53,55,2,'1995-09-12 01:05:36','2017-11-24 01:57:19'),(53,62,1,'1976-01-31 05:24:29','2007-05-13 00:02:39'),(54,41,2,'1981-01-27 04:30:00','2000-08-20 06:47:30'),(55,11,2,'1979-09-26 16:37:45','2018-03-06 20:55:47'),(55,26,1,'2003-11-18 16:27:22','1985-11-07 02:46:17'),(55,32,1,'1996-09-30 07:35:22','1991-04-07 02:00:07'),(55,37,2,'2018-02-14 15:30:28','1982-04-11 15:09:10'),(55,41,3,'1994-09-12 06:34:19','2008-05-13 22:20:58'),(55,55,2,'2005-08-05 19:41:48','2009-02-25 22:22:24'),(56,48,3,'2019-05-26 18:39:07','1972-12-27 22:04:52'),(56,67,2,'2003-05-13 21:17:02','1996-10-07 15:03:48'),(56,83,2,'1984-04-07 17:03:17','2012-07-02 05:18:54'),(56,87,2,'2013-08-26 12:04:57','1982-09-10 16:04:55'),(56,93,3,'2015-04-06 04:57:57','2009-01-07 00:35:11'),(57,15,3,'2001-03-06 03:31:15','1986-03-26 08:02:10'),(57,38,2,'2005-03-31 17:03:03','1994-06-07 20:36:24'),(57,58,2,'1973-09-12 20:22:32','1992-10-18 20:37:10'),(58,83,2,'1970-07-16 21:37:40','2002-09-22 08:33:58'),(59,16,1,'1983-11-09 04:34:35','2016-11-30 09:47:06'),(59,60,3,'1995-07-15 16:12:11','1978-02-17 14:13:35'),(60,30,2,'1994-10-11 18:45:25','2016-03-19 08:53:10'),(60,64,1,'2003-04-01 01:18:32','2012-08-07 08:50:36'),(60,72,3,'1994-03-26 20:37:26','1997-07-20 14:05:21'),(60,82,3,'1977-03-18 21:22:07','2014-05-02 20:13:37'),(61,72,2,'2015-11-24 06:59:16','2007-06-09 20:05:57'),(62,33,2,'1986-06-03 23:08:51','1999-11-20 19:45:24'),(63,65,3,'1997-04-22 13:55:51','1996-01-30 04:27:40'),(63,66,3,'1978-05-06 03:58:46','1974-07-26 09:37:19'),(65,33,3,'1985-11-20 22:01:06','2009-09-23 20:24:43'),(65,49,1,'2008-05-12 14:15:53','2016-04-20 15:37:10'),(65,89,1,'1982-05-29 12:26:09','2005-02-05 07:07:58'),(66,13,2,'1991-12-24 22:47:26','1977-05-26 06:26:41'),(66,35,1,'1986-03-18 19:55:22','1972-03-30 06:56:07'),(67,3,3,'2004-03-05 15:41:54','2006-06-03 06:08:17'),(67,29,1,'2016-08-02 04:23:16','1989-01-18 06:59:25'),(69,76,1,'1983-05-09 02:29:09','1980-07-30 18:12:11'),(70,32,3,'2010-10-17 10:05:49','2009-05-31 08:57:43'),(70,34,1,'1997-07-18 20:41:21','1983-04-08 09:22:36'),(70,80,1,'2006-08-21 12:48:33','1981-04-18 08:24:30'),(71,3,1,'1982-01-04 02:41:46','1988-01-11 00:56:07'),(71,20,1,'1993-11-14 14:04:13','2012-09-25 09:08:32'),(71,40,2,'1973-08-10 11:32:39','1988-07-29 08:50:36'),(71,62,1,'1982-08-25 10:23:17','2009-12-11 07:43:57'),(71,95,1,'1987-09-22 19:06:34','1981-10-08 23:32:56'),(72,10,3,'1977-05-05 06:15:51','2019-07-27 01:39:07'),(73,2,3,'1985-06-14 16:58:01','1992-05-07 22:53:55'),(73,18,2,'1992-04-10 10:20:41','1983-01-12 08:51:36'),(73,52,2,'2002-06-01 21:46:32','2004-08-21 01:30:41'),(74,46,2,'1974-07-24 16:38:00','1994-12-21 15:15:48'),(74,68,3,'2006-08-16 11:38:46','2012-12-03 12:48:52'),(74,76,3,'1984-03-22 22:37:19','2016-05-01 02:05:58'),(75,6,2,'1989-03-16 23:15:10','1978-01-02 02:27:16'),(75,34,1,'2017-04-24 23:21:26','1999-01-10 13:55:46'),(76,82,2,'1998-03-23 14:18:42','1998-06-30 07:22:32'),(76,86,3,'1985-06-24 03:11:47','1982-03-22 00:53:13'),(77,15,3,'2003-04-23 17:12:26','2006-07-01 09:10:03'),(77,58,3,'1987-07-30 13:47:38','1987-10-23 00:28:19'),(77,76,1,'1977-07-15 09:26:34','1997-12-09 20:14:27'),(77,77,3,'1995-05-14 04:23:04','1995-03-13 13:52:46'),(78,29,2,'2007-12-03 22:37:13','2007-12-02 11:38:40'),(79,2,2,'1980-09-03 19:59:07','2004-03-23 13:31:14'),(79,12,3,'2018-12-06 10:47:44','2010-07-25 04:19:27'),(79,27,2,'1989-02-19 12:07:34','2005-02-21 13:27:23'),(79,42,3,'1985-11-19 12:03:07','1986-12-20 23:52:34'),(79,89,3,'1995-04-25 06:20:27','2016-05-12 06:13:24'),(79,97,3,'2002-07-31 10:22:27','1996-07-26 07:42:08'),(80,15,1,'2003-01-27 17:21:44','1984-01-05 03:31:14'),(80,69,1,'1997-10-25 13:03:44','1999-10-30 14:50:04'),(81,59,3,'1991-12-29 02:57:57','2005-11-14 05:57:07'),(82,87,2,'2017-09-27 19:34:07','2012-11-15 10:46:11'),(84,17,1,'1997-09-07 03:47:49','2005-01-22 03:39:35'),(84,27,2,'1971-03-18 10:40:46','2011-10-18 01:07:58'),(85,21,3,'2005-08-02 00:12:03','2007-02-26 23:22:48'),(85,30,1,'2009-12-14 13:28:20','2019-02-04 11:28:53'),(85,90,3,'2005-04-10 03:38:21','1977-10-25 11:29:56'),(86,3,3,'1980-01-22 20:33:15','1970-06-04 01:47:23'),(86,52,2,'2009-10-07 03:32:05','1995-10-18 03:29:38'),(86,75,2,'1974-08-26 19:13:39','1988-11-08 08:20:43'),(87,20,2,'2005-07-08 06:00:39','1972-09-26 07:16:11'),(87,39,1,'1991-05-11 06:06:22','1982-07-10 09:48:37'),(87,96,1,'1970-08-01 14:42:45','1973-10-15 16:37:59'),(88,20,3,'1972-12-13 20:37:59','1987-11-18 11:31:41'),(88,28,3,'2014-09-09 02:53:19','2014-06-04 20:00:46'),(88,49,1,'1976-04-05 16:08:26','1983-04-05 08:51:56'),(88,65,3,'1999-05-01 17:35:54','2013-01-11 10:52:51'),(89,29,2,'1975-07-18 17:33:37','1996-09-17 07:33:59'),(89,32,3,'1976-08-15 01:03:37','1996-01-31 03:41:51'),(89,85,1,'2002-08-18 18:41:19','2012-12-17 19:51:55'),(89,86,3,'2004-07-02 04:40:16','1974-08-25 22:03:59'),(90,20,3,'2003-01-26 07:02:41','1981-08-05 00:19:59'),(90,31,1,'2013-05-29 14:22:05','2016-10-14 19:04:36'),(90,47,1,'1988-02-23 00:02:18','2007-08-25 07:42:50'),(90,61,3,'1990-11-15 14:35:56','2014-10-25 06:09:54'),(90,81,3,'2008-11-26 23:56:28','2000-04-09 11:56:53'),(91,21,3,'2018-04-02 22:11:05','2002-07-22 06:22:29'),(91,60,2,'1971-10-31 14:45:43','2016-10-28 09:36:54'),(92,37,1,'2001-11-05 13:31:38','2000-05-07 13:09:31'),(92,57,3,'2015-01-15 20:25:15','2001-12-24 07:12:27'),(93,48,3,'1991-01-04 07:49:13','1982-10-17 13:48:52'),(93,78,2,'1974-04-27 11:27:30','2004-11-28 05:49:27'),(93,96,1,'1976-11-22 11:36:07','1991-02-14 14:00:54'),(94,28,3,'1999-05-04 10:09:29','2012-02-22 19:50:03'),(94,59,2,'1991-04-05 15:09:26','2018-11-21 08:44:37'),(95,76,2,'2019-03-27 13:44:00','2003-01-10 03:35:50'),(95,81,1,'1990-10-14 12:44:49','1983-04-22 10:00:12'),(96,28,1,'2019-07-21 14:18:33','1983-03-03 22:44:48'),(96,51,1,'1993-11-29 01:00:34','2015-05-25 11:47:29'),(96,57,2,'1979-02-08 21:36:19','2016-10-21 19:34:18'),(97,36,2,'1996-02-16 01:26:43','1982-05-06 06:20:18'),(97,61,3,'1989-03-29 07:57:22','1984-02-17 05:15:56'),(98,73,3,'2003-04-02 10:15:52','1999-04-19 11:10:17'),(98,84,2,'1979-04-27 12:09:28','1985-04-22 05:25:16'),(98,94,1,'2002-04-22 10:26:20','1992-08-18 15:49:20'),(99,7,2,'2002-02-02 08:21:48','1990-10-20 11:41:23'),(99,12,1,'2008-03-31 05:49:25','1988-11-02 07:22:48'),(99,53,2,'1971-09-30 11:52:37','1992-04-05 22:22:12'),(99,94,2,'2001-07-13 06:04:18','1994-07-19 06:09:28'),(100,34,3,'1977-02-06 10:50:22','1971-03-28 11:10:23'),(100,66,1,'1991-05-25 21:51:45','2019-01-30 14:31:48'),(100,78,3,'1996-07-10 19:57:28','1974-11-10 08:36:03');
/*!40000 ALTER TABLE `friendnship` ENABLE KEYS */;
UNLOCK TABLES;

--
-- Table structure for table `friendship_statuses`
--

DROP TABLE IF EXISTS `friendship_statuses`;
/*!40101 SET @saved_cs_client     = @@character_set_client */;
/*!50503 SET character_set_client = utf8mb4 */;
CREATE TABLE `friendship_statuses` (
  `id` int(10) unsigned NOT NULL AUTO_INCREMENT,
  `name` varchar(150) CHARACTER SET utf8 COLLATE utf8_unicode_ci NOT NULL,
  PRIMARY KEY (`id`),
  UNIQUE KEY `name` (`name`)
) ENGINE=InnoDB AUTO_INCREMENT=4 DEFAULT CHARSET=utf8 COLLATE=utf8_unicode_ci;
/*!40101 SET character_set_client = @saved_cs_client */;

--
-- Dumping data for table `friendship_statuses`
--

LOCK TABLES `friendship_statuses` WRITE;
/*!40000 ALTER TABLE `friendship_statuses` DISABLE KEYS */;
INSERT INTO `friendship_statuses` VALUES (2,'best_friend'),(3,'friend'),(1,'married');
/*!40000 ALTER TABLE `friendship_statuses` ENABLE KEYS */;
UNLOCK TABLES;

--
-- Table structure for table `media`
--

DROP TABLE IF EXISTS `media`;
/*!40101 SET @saved_cs_client     = @@character_set_client */;
/*!50503 SET character_set_client = utf8mb4 */;
CREATE TABLE `media` (
  `id` int(10) unsigned NOT NULL AUTO_INCREMENT,
  `media_type_id` int(10) unsigned NOT NULL,
  `user_id` int(10) unsigned NOT NULL,
  `filename` varchar(255) CHARACTER SET utf8 COLLATE utf8_unicode_ci NOT NULL,
  `size` int(11) NOT NULL,
  `metadata` longtext CHARACTER SET utf8mb4 COLLATE utf8mb4_bin,
  `created_at` datetime DEFAULT CURRENT_TIMESTAMP,
  `updted_at` datetime DEFAULT CURRENT_TIMESTAMP ON UPDATE CURRENT_TIMESTAMP,
  PRIMARY KEY (`id`)
) ENGINE=InnoDB AUTO_INCREMENT=251 DEFAULT CHARSET=utf8 COLLATE=utf8_unicode_ci;
/*!40101 SET character_set_client = @saved_cs_client */;

--
-- Dumping data for table `media`
--

LOCK TABLES `media` WRITE;
/*!40000 ALTER TABLE `media` DISABLE KEYS */;
INSERT INTO `media` VALUES (1,1,1,'nihil',374,NULL,'1970-06-07 15:26:46','1991-09-19 18:17:25'),(2,2,2,'corporis',1565,NULL,'1982-09-19 08:22:21','1970-01-08 10:41:03'),(3,3,3,'autem',1902,NULL,'1981-09-04 01:37:17','1997-03-31 16:19:02'),(4,1,4,'eius',934,NULL,'1989-08-13 17:43:52','1986-10-08 02:31:37'),(5,2,5,'consequatur',983,NULL,'2018-06-11 10:26:08','2006-01-13 06:08:21'),(6,3,6,'quaerat',668,NULL,'2004-03-30 16:16:42','1985-02-16 16:51:45'),(7,1,7,'perferendis',596,NULL,'1978-05-30 20:19:05','2018-01-06 07:38:13'),(8,2,8,'dicta',477,NULL,'2004-08-31 03:20:43','1972-05-09 09:02:36'),(9,3,9,'omnis',414,NULL,'1992-10-25 19:40:36','2004-01-12 03:09:49'),(10,1,10,'et',201,NULL,'1999-09-17 15:15:02','2013-09-11 14:04:33'),(11,2,11,'ipsum',1265,NULL,'2001-01-06 16:51:04','1978-08-14 22:08:42'),(12,3,12,'porro',357,NULL,'1970-09-10 22:34:18','2000-10-10 08:21:58'),(13,1,13,'voluptates',1434,NULL,'2001-07-04 19:27:52','1974-06-10 02:21:46'),(14,2,14,'sint',675,NULL,'2018-08-31 02:02:52','1986-10-06 08:45:03'),(15,3,15,'et',1508,NULL,'1970-09-13 20:24:28','1984-08-11 20:38:43'),(16,1,16,'est',1441,NULL,'2007-12-27 00:43:30','1978-09-14 09:36:45'),(17,2,17,'aut',1517,NULL,'1991-09-25 04:22:30','1993-06-25 06:50:40'),(18,3,18,'est',787,NULL,'1986-09-17 18:07:40','1995-07-26 01:38:55'),(19,1,19,'esse',124,NULL,'2002-01-08 02:59:02','1996-10-07 16:50:26'),(20,2,20,'rerum',1616,NULL,'2019-10-09 14:04:38','1991-11-27 23:33:15'),(21,3,21,'corrupti',549,NULL,'2014-09-18 22:52:53','1976-09-08 11:31:58'),(22,1,22,'quia',1316,NULL,'2004-08-31 22:18:08','2013-01-11 21:03:58'),(23,2,23,'assumenda',736,NULL,'2008-11-07 06:55:04','2008-08-29 21:35:48'),(24,3,24,'qui',1482,NULL,'2002-05-30 08:35:45','1977-06-02 00:07:51'),(25,1,25,'sed',1132,NULL,'1997-03-24 12:30:14','2014-10-05 15:21:09'),(26,2,26,'fugiat',1273,NULL,'2010-07-17 15:07:51','1985-06-23 09:49:02'),(27,3,27,'nobis',1432,NULL,'1980-11-28 01:38:17','1983-07-13 21:17:18'),(28,1,28,'officiis',1887,NULL,'1986-02-25 18:09:07','2000-08-28 16:15:40'),(29,2,29,'et',764,NULL,'1971-02-05 01:46:17','2001-05-30 12:54:33'),(30,3,30,'a',689,NULL,'1977-08-17 06:47:57','1996-12-23 21:08:04'),(31,1,31,'minima',173,NULL,'2007-12-09 04:43:03','2010-10-21 15:08:39'),(32,2,32,'ullam',1994,NULL,'1995-07-21 04:10:24','2007-06-01 18:15:46'),(33,3,33,'velit',1116,NULL,'1990-03-08 18:49:01','1997-12-26 14:17:13'),(34,1,34,'voluptatem',1286,NULL,'1987-11-22 03:33:35','1972-03-21 23:09:14'),(35,2,35,'nostrum',1388,NULL,'2018-04-15 20:28:17','2007-06-11 20:43:52'),(36,3,36,'quod',164,NULL,'1973-07-23 05:13:43','1975-06-15 23:24:16'),(37,1,37,'voluptatem',117,NULL,'1978-03-26 18:57:28','1970-11-12 14:12:53'),(38,2,38,'magni',1242,NULL,'1996-04-22 22:22:17','2000-07-04 21:54:33'),(39,3,39,'sed',342,NULL,'2010-12-27 12:02:24','2013-08-20 08:51:04'),(40,1,40,'illo',638,NULL,'2016-10-22 07:30:42','1992-09-07 09:19:15'),(41,2,41,'veritatis',914,NULL,'1985-10-03 07:48:07','1987-02-20 12:12:45'),(42,3,42,'dignissimos',539,NULL,'2014-06-08 15:27:47','1984-10-31 08:28:34'),(43,1,43,'sequi',1679,NULL,'1982-03-23 22:01:36','2007-07-02 10:28:31'),(44,2,44,'tempora',1164,NULL,'1996-11-21 05:26:50','1999-11-06 08:06:43'),(45,3,45,'vel',1133,NULL,'1989-10-05 10:28:38','2008-03-30 18:52:43'),(46,1,46,'minima',2041,NULL,'2001-05-12 18:21:17','1976-06-28 12:56:18'),(47,2,47,'quia',134,NULL,'2004-07-13 13:22:15','1979-12-19 01:54:35'),(48,3,48,'voluptates',1299,NULL,'1995-06-16 14:48:24','1985-10-13 14:36:35'),(49,1,49,'fugit',1927,NULL,'1992-07-30 12:40:30','2015-07-05 16:04:43'),(50,2,50,'dolores',1411,NULL,'1996-11-11 23:59:25','1990-12-24 02:07:07'),(51,3,51,'dolorem',1775,NULL,'1986-01-11 20:54:15','1986-05-02 22:19:32'),(52,1,52,'libero',628,NULL,'1996-04-26 15:13:21','1975-12-01 04:50:48'),(53,2,53,'magni',1359,NULL,'1988-04-15 15:28:31','2005-11-22 01:02:42'),(54,3,54,'necessitatibus',1122,NULL,'1997-03-01 02:05:17','1977-02-26 23:38:12'),(55,1,55,'et',356,NULL,'1977-01-22 00:42:38','1973-06-06 19:55:21'),(56,2,56,'est',1482,NULL,'2014-10-20 09:34:37','2019-01-10 10:25:47'),(57,3,57,'deleniti',571,NULL,'1985-04-18 00:32:04','1990-03-29 18:33:59'),(58,1,58,'minus',534,NULL,'2010-04-30 15:00:16','1978-03-07 22:09:13'),(59,2,59,'eaque',700,NULL,'1979-05-07 07:43:24','1997-12-04 21:23:07'),(60,3,60,'iste',965,NULL,'1985-04-18 00:43:12','2002-02-19 08:38:35'),(61,1,61,'excepturi',1639,NULL,'1973-06-21 09:53:20','1987-11-13 15:37:24'),(62,2,62,'esse',939,NULL,'1986-01-03 18:22:36','1971-10-27 11:54:54'),(63,3,63,'laboriosam',1765,NULL,'2001-09-26 20:36:47','2019-07-31 04:49:40'),(64,1,64,'neque',791,NULL,'1975-03-29 21:51:03','1976-09-05 08:25:07'),(65,2,65,'quis',286,NULL,'1980-12-11 16:15:25','2002-01-30 07:09:51'),(66,3,66,'blanditiis',488,NULL,'2014-12-27 09:36:45','2007-04-27 20:39:00'),(67,1,67,'sit',594,NULL,'2008-05-21 11:48:41','1992-10-11 02:19:02'),(68,2,68,'consequatur',1069,NULL,'2011-04-28 19:26:12','1980-03-28 01:30:13'),(69,3,69,'aliquam',1833,NULL,'2007-01-16 01:05:00','1993-09-30 20:43:10'),(70,1,70,'facilis',1919,NULL,'1991-06-16 16:38:27','1992-01-31 11:31:34'),(71,2,71,'dolor',133,NULL,'2005-04-05 14:26:42','2019-01-04 01:18:08'),(72,3,72,'maiores',1542,NULL,'1978-01-21 19:02:20','1995-08-08 17:06:30'),(73,1,73,'id',1982,NULL,'2003-05-16 15:36:53','1999-12-14 06:53:09'),(74,2,74,'magnam',965,NULL,'2001-07-13 14:41:48','1979-08-13 20:36:01'),(75,3,75,'ipsam',1582,NULL,'2019-03-16 13:41:47','1984-10-12 06:06:38'),(76,1,76,'aut',1491,NULL,'2006-08-24 17:31:55','2004-07-18 19:19:12'),(77,2,77,'ad',1761,NULL,'1991-01-04 04:06:51','1983-06-06 14:42:11'),(78,3,78,'ut',987,NULL,'2007-09-01 18:10:23','2019-03-16 06:34:09'),(79,1,79,'dicta',1231,NULL,'2010-10-27 21:06:47','1971-07-02 06:16:07'),(80,2,80,'mollitia',1671,NULL,'1973-04-12 22:31:41','1992-01-05 17:18:58'),(81,3,81,'sapiente',1632,NULL,'1979-10-10 18:26:10','1973-08-20 01:14:52'),(82,1,82,'veniam',759,NULL,'2006-03-16 05:28:20','1980-09-25 07:18:42'),(83,2,83,'est',1630,NULL,'2000-06-06 21:42:54','1985-12-25 01:12:18'),(84,3,84,'harum',1786,NULL,'1998-11-03 20:33:30','2012-10-17 08:51:29'),(85,1,85,'provident',718,NULL,'1988-11-26 01:35:36','1988-11-24 11:40:19'),(86,2,86,'quaerat',218,NULL,'1999-05-31 19:52:24','2013-12-03 20:42:49'),(87,3,87,'aut',1645,NULL,'1983-10-21 23:48:52','1995-04-15 22:26:03'),(88,1,88,'fuga',1527,NULL,'2006-09-12 22:45:57','1982-11-18 06:48:06'),(89,2,89,'exercitationem',441,NULL,'1990-04-16 04:49:37','1976-07-25 14:46:15'),(90,3,90,'deleniti',1077,NULL,'1997-10-19 23:05:59','1976-01-11 17:41:57'),(91,1,91,'accusantium',2010,NULL,'2003-08-01 20:02:42','1976-04-12 01:50:50'),(92,2,92,'accusamus',1891,NULL,'2010-01-27 14:17:54','1984-12-26 10:28:20'),(93,3,93,'possimus',1612,NULL,'1983-11-25 05:20:14','2012-01-23 06:52:33'),(94,1,94,'deleniti',1970,NULL,'1970-06-25 03:10:25','1970-08-23 21:01:02'),(95,2,95,'praesentium',1764,NULL,'2002-09-27 04:37:21','1973-11-10 15:25:47'),(96,3,96,'expedita',1175,NULL,'1976-09-18 12:38:43','2013-05-18 01:22:26'),(97,1,97,'vero',729,NULL,'1982-05-15 03:54:36','2001-12-15 04:49:11'),(98,2,98,'non',936,NULL,'1977-05-16 12:53:17','1986-11-27 01:29:11'),(99,3,99,'atque',1775,NULL,'2014-11-23 01:22:54','1995-07-03 23:36:09'),(100,1,100,'aut',1631,NULL,'1975-01-19 10:50:45','1982-01-25 00:41:36'),(101,2,1,'neque',321,NULL,'1981-03-06 11:11:24','2003-07-29 01:02:16'),(102,3,2,'reiciendis',1535,NULL,'2016-05-24 10:49:56','1999-09-28 08:47:54'),(103,1,3,'eaque',1216,NULL,'1993-02-15 02:31:21','2018-02-08 18:42:13'),(104,2,4,'et',1946,NULL,'2001-05-29 21:53:09','1987-10-02 12:39:55'),(105,3,5,'consequatur',1045,NULL,'1981-02-20 18:18:37','1988-03-20 14:19:34'),(106,1,6,'ipsam',1605,NULL,'1989-11-23 07:50:58','1983-09-12 09:58:31'),(107,2,7,'exercitationem',1424,NULL,'2014-09-28 21:38:41','1974-01-19 02:57:12'),(108,3,8,'ipsa',2000,NULL,'1989-07-01 06:29:29','2001-02-15 10:59:04'),(109,1,9,'nisi',319,NULL,'1976-12-06 07:40:00','1977-07-09 19:09:55'),(110,2,10,'molestiae',1606,NULL,'1995-03-23 09:52:40','1980-03-16 18:14:53'),(111,3,11,'molestiae',1842,NULL,'1994-10-03 12:27:23','2011-10-23 02:24:15'),(112,1,12,'sint',1073,NULL,'2004-12-04 10:08:04','1982-02-04 03:40:43'),(113,2,13,'est',401,NULL,'2011-01-30 20:59:14','1999-06-04 13:46:31'),(114,3,14,'in',693,NULL,'1999-01-28 21:29:02','2001-09-04 01:00:39'),(115,1,15,'vitae',1567,NULL,'1983-11-03 17:27:37','1973-01-20 23:04:43'),(116,2,16,'accusantium',1471,NULL,'1996-05-22 17:31:01','1998-12-03 19:20:48'),(117,3,17,'explicabo',1991,NULL,'2001-01-26 16:02:39','2000-02-12 23:06:41'),(118,1,18,'dolor',1510,NULL,'1980-02-02 22:50:35','1999-02-11 07:24:03'),(119,2,19,'sint',2013,NULL,'2018-06-30 19:31:37','2001-03-29 02:21:00'),(120,3,20,'velit',805,NULL,'2017-07-07 23:59:29','2011-02-10 16:05:30'),(121,1,21,'quod',1313,NULL,'1978-07-12 12:07:50','2013-11-06 02:24:18'),(122,2,22,'maiores',304,NULL,'1981-06-05 16:52:53','2009-03-22 23:47:42'),(123,3,23,'explicabo',1941,NULL,'1970-11-03 15:19:41','2017-03-30 04:46:46'),(124,1,24,'sit',1917,NULL,'2005-06-15 06:25:47','1977-07-28 16:46:40'),(125,2,25,'aut',329,NULL,'1994-03-31 13:34:34','1981-01-17 17:21:50'),(126,3,26,'quis',792,NULL,'2017-10-16 05:42:43','1998-05-18 19:34:19'),(127,1,27,'dolor',455,NULL,'1998-10-14 22:47:11','2001-01-31 02:06:09'),(128,2,28,'officia',1162,NULL,'1997-06-24 16:33:23','1993-01-14 00:42:42'),(129,3,29,'est',175,NULL,'1988-08-21 08:26:40','2005-07-20 05:06:07'),(130,1,30,'aut',253,NULL,'1970-10-08 11:20:49','1971-09-16 22:36:53'),(131,2,31,'vitae',1724,NULL,'2007-04-27 09:04:24','1994-10-29 04:40:27'),(132,3,32,'non',1134,NULL,'1989-06-02 21:38:45','2014-01-24 04:20:25'),(133,1,33,'corporis',681,NULL,'1976-12-12 22:07:08','1999-09-07 12:09:48'),(134,2,34,'qui',1722,NULL,'2008-06-02 05:20:44','2004-05-13 02:05:07'),(135,3,35,'dolores',193,NULL,'1983-01-12 17:04:09','2011-01-11 01:56:27'),(136,1,36,'numquam',1121,NULL,'1972-10-11 11:35:20','1990-09-20 09:51:37'),(137,2,37,'fuga',699,NULL,'2019-01-14 07:17:08','1996-05-19 12:23:52'),(138,3,38,'fugit',1181,NULL,'1987-03-13 01:34:58','2007-04-26 06:45:24'),(139,1,39,'nesciunt',659,NULL,'2012-03-16 10:29:37','2013-10-31 06:24:27'),(140,2,40,'et',166,NULL,'1970-05-01 04:56:23','1970-12-31 22:32:49'),(141,3,41,'voluptas',1653,NULL,'1992-10-02 06:01:01','1986-03-15 17:17:36'),(142,1,42,'exercitationem',1170,NULL,'2004-07-13 11:40:36','2013-11-19 05:05:28'),(143,2,43,'rem',1960,NULL,'2012-10-28 12:22:18','1987-05-10 16:34:46'),(144,3,44,'necessitatibus',660,NULL,'1980-02-21 18:52:46','1995-11-28 11:57:52'),(145,1,45,'esse',1785,NULL,'1977-10-21 01:09:51','2013-07-30 17:53:12'),(146,2,46,'molestias',1817,NULL,'1981-01-03 13:05:15','2000-09-24 22:38:16'),(147,3,47,'non',831,NULL,'1970-01-22 08:41:24','2009-05-26 07:51:58'),(148,1,48,'sapiente',1737,NULL,'1971-05-01 13:03:04','1995-12-12 04:02:08'),(149,2,49,'omnis',1769,NULL,'2017-04-15 02:15:56','2008-02-29 00:40:34'),(150,3,50,'similique',1379,NULL,'1996-07-29 12:06:12','1980-01-31 03:07:00'),(151,1,51,'saepe',407,NULL,'2006-06-26 16:30:44','2017-09-04 01:44:02'),(152,2,52,'beatae',1427,NULL,'1973-04-01 16:44:48','2013-07-20 20:53:19'),(153,3,53,'aspernatur',1599,NULL,'1995-05-28 16:10:39','1998-05-09 19:55:36'),(154,1,54,'dolor',1783,NULL,'1982-06-22 06:01:34','2018-01-28 01:17:12'),(155,2,55,'corporis',775,NULL,'2009-04-24 07:15:48','2000-01-02 05:19:17'),(156,3,56,'aut',267,NULL,'1985-11-09 03:09:28','2019-07-19 14:37:16'),(157,1,57,'a',1491,NULL,'2012-09-28 19:15:02','2018-09-10 16:45:36'),(158,2,58,'consequuntur',1289,NULL,'2001-11-26 07:21:56','2004-09-22 02:51:59'),(159,3,59,'laborum',285,NULL,'1985-04-19 18:25:17','1993-08-20 10:25:43'),(160,1,60,'ut',1114,NULL,'1978-11-26 23:03:34','2003-09-15 15:57:55'),(161,2,61,'nam',703,NULL,'1985-12-20 04:48:42','1989-11-30 09:34:15'),(162,3,62,'pariatur',900,NULL,'1991-12-06 10:22:40','1998-09-13 08:08:45'),(163,1,63,'illum',1692,NULL,'1993-01-21 11:01:24','2012-08-17 16:54:34'),(164,2,64,'iste',1716,NULL,'2019-05-07 06:51:42','1972-12-21 11:02:22'),(165,3,65,'similique',737,NULL,'1999-10-07 06:32:37','2006-09-02 06:44:27'),(166,1,66,'aut',1657,NULL,'2007-02-02 05:28:42','1972-05-03 18:54:15'),(167,2,67,'totam',461,NULL,'2018-07-05 05:09:28','1983-03-08 04:38:29'),(168,3,68,'ducimus',323,NULL,'1981-08-14 10:56:23','2002-11-20 17:00:12'),(169,1,69,'quia',1086,NULL,'1975-12-08 05:18:17','1974-02-13 21:15:16'),(170,2,70,'quia',1640,NULL,'1998-10-14 00:38:10','2015-03-02 15:13:48'),(171,3,71,'praesentium',1095,NULL,'2017-09-01 07:57:40','2005-01-18 17:48:21'),(172,1,72,'eos',1354,NULL,'1976-02-12 06:20:39','1991-11-03 19:13:42'),(173,2,73,'et',1837,NULL,'1977-10-31 01:42:54','1975-03-27 15:40:24'),(174,3,74,'corrupti',1090,NULL,'1983-10-09 02:08:12','1991-09-11 12:10:45'),(175,1,75,'corporis',1098,NULL,'1970-10-30 12:13:44','1982-02-14 11:41:24'),(176,2,76,'necessitatibus',1347,NULL,'1977-03-18 14:51:40','2017-05-14 15:46:25'),(177,3,77,'amet',952,NULL,'1991-04-23 13:39:35','1979-07-02 19:36:26'),(178,1,78,'provident',1462,NULL,'1988-05-10 08:55:52','1978-11-02 10:28:30'),(179,2,79,'consectetur',650,NULL,'2006-06-19 22:21:16','1988-09-08 10:25:14'),(180,3,80,'consequuntur',992,NULL,'2012-05-04 15:23:33','1970-02-11 23:03:49'),(181,1,81,'sit',239,NULL,'2010-08-21 15:48:21','1994-05-04 04:37:35'),(182,2,82,'tempore',188,NULL,'1991-07-29 22:42:13','1972-10-18 09:31:05'),(183,3,83,'non',1579,NULL,'1985-03-16 11:58:28','1975-10-16 17:49:27'),(184,1,84,'nihil',1453,NULL,'1999-08-10 14:44:20','1982-04-08 21:16:02'),(185,2,85,'et',762,NULL,'2016-10-19 22:16:41','1988-06-14 11:51:35'),(186,3,86,'consequatur',294,NULL,'2017-05-20 17:04:54','2008-11-25 17:21:46'),(187,1,87,'soluta',819,NULL,'1970-11-23 04:29:55','1997-03-16 16:42:24'),(188,2,88,'blanditiis',1875,NULL,'1974-05-17 03:27:42','1999-02-22 14:16:14'),(189,3,89,'omnis',268,NULL,'2010-09-10 16:43:53','1981-09-12 23:51:59'),(190,1,90,'dolores',2020,NULL,'1976-07-15 22:14:52','1989-06-23 16:00:01'),(191,2,91,'explicabo',2036,NULL,'1985-02-22 17:55:08','1990-08-06 02:22:11'),(192,3,92,'ut',1451,NULL,'1995-07-08 21:10:13','1970-12-23 19:41:32'),(193,1,93,'consequatur',1478,NULL,'1981-05-04 20:03:09','1993-01-20 04:18:21'),(194,2,94,'fugit',998,NULL,'1972-04-22 09:06:55','1984-05-14 13:46:50'),(195,3,95,'dolores',1981,NULL,'2003-06-12 08:21:42','2017-08-27 04:54:25'),(196,1,96,'dolores',1424,NULL,'1979-09-02 23:05:00','1977-07-11 02:42:37'),(197,2,97,'reprehenderit',786,NULL,'1990-02-20 18:31:38','2016-05-06 07:55:03'),(198,3,98,'reiciendis',1015,NULL,'1997-06-23 14:21:15','1992-07-30 15:07:12'),(199,1,99,'molestias',2021,NULL,'2007-06-03 02:01:54','2012-08-28 02:41:12'),(200,2,100,'voluptatem',686,NULL,'2019-04-20 16:02:33','1977-12-16 11:59:26'),(201,3,1,'dolor',1948,NULL,'1986-06-25 20:40:19','1994-06-20 19:54:09'),(202,1,2,'architecto',1717,NULL,'1981-04-26 14:09:50','1990-03-26 15:29:16'),(203,2,3,'ipsum',711,NULL,'1982-04-20 06:15:59','1982-08-24 10:03:14'),(204,3,4,'laboriosam',1164,NULL,'2015-10-14 06:00:21','1986-07-14 02:37:42'),(205,1,5,'optio',408,NULL,'1988-04-16 19:30:10','1972-02-01 23:11:19'),(206,2,6,'minima',1406,NULL,'1997-02-26 16:43:29','2003-11-14 23:33:53'),(207,3,7,'harum',411,NULL,'2009-01-26 19:50:35','1992-11-28 12:06:01'),(208,1,8,'totam',1412,NULL,'1985-02-24 11:20:40','2015-06-30 01:21:17'),(209,2,9,'sit',958,NULL,'2016-07-10 17:41:29','1992-04-11 12:09:20'),(210,3,10,'alias',994,NULL,'2017-08-27 15:40:20','1976-02-11 08:58:02'),(211,1,11,'fuga',106,NULL,'2008-07-22 02:28:36','1978-11-10 02:59:07'),(212,2,12,'qui',781,NULL,'2005-04-14 19:20:00','2013-02-19 05:14:18'),(213,3,13,'veniam',893,NULL,'1989-08-26 23:53:49','1983-11-08 13:27:05'),(214,1,14,'quo',1851,NULL,'2016-01-29 00:54:37','2009-05-17 15:27:57'),(215,2,15,'voluptatum',1404,NULL,'1991-11-24 15:27:19','2007-03-08 21:33:32'),(216,3,16,'placeat',1365,NULL,'1997-09-10 18:46:36','1975-02-06 19:30:51'),(217,1,17,'odit',424,NULL,'2003-02-12 02:58:05','1993-03-05 16:57:51'),(218,2,18,'nemo',1629,NULL,'1991-10-09 17:04:15','1979-08-21 08:35:04'),(219,3,19,'voluptatem',1298,NULL,'2012-07-23 03:47:08','1981-04-09 20:12:31'),(220,1,20,'ratione',1041,NULL,'2004-07-30 00:29:27','2012-08-21 16:04:57'),(221,2,21,'libero',1292,NULL,'2001-05-10 21:20:03','1982-06-01 03:06:03'),(222,3,22,'amet',1889,NULL,'1993-09-12 22:14:41','1995-12-15 16:22:01'),(223,1,23,'magnam',468,NULL,'2011-11-13 14:43:29','2013-04-20 22:07:35'),(224,2,24,'qui',424,NULL,'2015-06-03 14:59:43','1996-07-26 17:20:42'),(225,3,25,'excepturi',1683,NULL,'1976-09-06 00:52:44','1983-03-01 20:48:30'),(226,1,26,'ipsa',1403,NULL,'1982-10-14 22:11:09','2000-12-06 18:30:16'),(227,2,27,'tempora',461,NULL,'1983-10-29 19:05:27','2005-11-22 05:37:09'),(228,3,28,'fugit',1469,NULL,'2003-10-06 11:31:39','2010-10-22 22:11:57'),(229,1,29,'illo',1762,NULL,'1995-01-02 19:31:06','1994-10-15 07:25:54'),(230,2,30,'quas',1634,NULL,'2001-05-22 17:50:14','2013-10-31 05:20:54'),(231,3,31,'mollitia',1609,NULL,'1988-04-14 23:46:12','2014-02-25 01:30:20'),(232,1,32,'et',548,NULL,'1973-07-26 23:42:03','1977-08-23 06:16:39'),(233,2,33,'et',408,NULL,'1982-03-18 16:31:17','1984-11-16 02:12:02'),(234,3,34,'recusandae',877,NULL,'2019-05-24 10:43:59','2001-04-20 10:11:51'),(235,1,35,'facilis',716,NULL,'2008-05-23 20:46:07','2015-12-23 22:16:09'),(236,2,36,'modi',1290,NULL,'2016-06-06 00:27:51','2005-12-08 16:11:30'),(237,3,37,'ut',730,NULL,'2009-10-26 01:35:45','1982-04-24 20:43:47'),(238,1,38,'dolorem',399,NULL,'1978-12-28 13:30:18','2014-04-10 01:11:40'),(239,2,39,'autem',1452,NULL,'1991-01-21 06:56:28','1992-08-04 22:29:16'),(240,3,40,'eveniet',1629,NULL,'1971-09-23 19:05:28','2008-12-27 07:22:47'),(241,1,41,'quod',932,NULL,'1980-02-05 14:24:48','2006-06-15 09:05:53'),(242,2,42,'autem',1148,NULL,'1978-08-07 20:35:12','1983-11-10 01:42:44'),(243,3,43,'aut',1411,NULL,'2008-04-27 20:22:58','1998-07-23 01:16:21'),(244,1,44,'et',1745,NULL,'2011-02-27 11:04:50','1986-02-06 13:50:51'),(245,2,45,'ipsum',736,NULL,'1987-11-04 09:15:02','1993-01-21 11:41:27'),(246,3,46,'placeat',610,NULL,'2005-05-01 04:36:00','2003-02-27 10:27:34'),(247,1,47,'ut',604,NULL,'1976-10-17 02:41:43','1995-07-07 09:13:19'),(248,2,48,'non',1601,NULL,'2013-06-04 08:09:17','1987-09-25 02:16:19'),(249,3,49,'autem',1997,NULL,'2011-07-03 21:28:47','2002-05-13 18:06:32'),(250,1,50,'sint',970,NULL,'1994-03-28 13:21:31','1985-05-31 02:33:49');
/*!40000 ALTER TABLE `media` ENABLE KEYS */;
UNLOCK TABLES;

--
-- Table structure for table `media_types`
--

DROP TABLE IF EXISTS `media_types`;
/*!40101 SET @saved_cs_client     = @@character_set_client */;
/*!50503 SET character_set_client = utf8mb4 */;
CREATE TABLE `media_types` (
  `id` int(10) unsigned NOT NULL AUTO_INCREMENT,
  `name` varchar(255) CHARACTER SET utf8 COLLATE utf8_unicode_ci NOT NULL,
  PRIMARY KEY (`id`),
  UNIQUE KEY `name` (`name`)
) ENGINE=InnoDB AUTO_INCREMENT=4 DEFAULT CHARSET=utf8 COLLATE=utf8_unicode_ci;
/*!40101 SET character_set_client = @saved_cs_client */;

--
-- Dumping data for table `media_types`
--

LOCK TABLES `media_types` WRITE;
/*!40000 ALTER TABLE `media_types` DISABLE KEYS */;
INSERT INTO `media_types` VALUES (2,'music'),(3,'picture'),(1,'video');
/*!40000 ALTER TABLE `media_types` ENABLE KEYS */;
UNLOCK TABLES;

--
-- Table structure for table `messages`
--

DROP TABLE IF EXISTS `messages`;
/*!40101 SET @saved_cs_client     = @@character_set_client */;
/*!50503 SET character_set_client = utf8mb4 */;
CREATE TABLE `messages` (
  `id` int(10) unsigned NOT NULL AUTO_INCREMENT,
  `from_user_id` int(10) unsigned NOT NULL,
  `to_user_id` int(10) unsigned NOT NULL,
  `body` text CHARACTER SET utf8 COLLATE utf8_unicode_ci NOT NULL,
  `is_important` tinyint(1) DEFAULT NULL,
  `is_delivered` tinyint(1) DEFAULT NULL,
  `created_at` datetime DEFAULT CURRENT_TIMESTAMP,
  PRIMARY KEY (`id`)
) ENGINE=InnoDB AUTO_INCREMENT=401 DEFAULT CHARSET=utf8 COLLATE=utf8_unicode_ci;
/*!40101 SET character_set_client = @saved_cs_client */;

--
-- Dumping data for table `messages`
--

LOCK TABLES `messages` WRITE;
/*!40000 ALTER TABLE `messages` DISABLE KEYS */;
INSERT INTO `messages` VALUES (1,94,55,'Atque et ratione quo illum eligendi. Sit et sunt et voluptas. Doloremque non dolor non eligendi neque adipisci.',1,1,'1972-10-15 22:56:52'),(2,73,95,'Quia aliquam architecto iusto illo. Cupiditate qui totam et porro at et totam. Et doloribus facilis deleniti hic repellat.',1,0,'1975-04-16 15:57:29'),(3,29,28,'Cum tempora laborum quidem nemo ea voluptate nisi. Harum sapiente earum vitae neque aut in quia. Totam veniam sunt non ullam incidunt autem atque.',1,0,'1991-12-21 23:04:17'),(4,14,56,'Enim repellendus veniam quia ut aut aut nostrum. Quia aspernatur repellendus facere impedit aut. Iusto autem ut deserunt corporis assumenda et culpa velit. Sint asperiores rem nesciunt ad incidunt aliquam dolore.',1,0,'1974-09-11 13:00:31'),(5,2,25,'Quisquam quia alias optio labore sequi. Sed quia quae et optio molestiae. Et sequi minima culpa sunt. Molestiae praesentium qui ullam ipsum est magni vel accusantium.',1,1,'1985-12-10 01:18:47'),(6,83,85,'Ex dolore eligendi quas maiores repudiandae ratione aliquam aut. Id eum vitae ut maiores voluptatum reiciendis. Omnis cupiditate quia quo qui dicta. Quasi voluptates voluptatibus corrupti debitis et optio.',1,1,'2004-01-17 23:58:18'),(7,63,82,'Commodi in itaque pariatur architecto pariatur vel atque. Hic nam similique nihil omnis quia. Recusandae atque accusamus saepe dolorem alias quibusdam ut consequatur.',0,1,'2004-03-12 05:58:20'),(8,31,93,'Voluptatem dolores repellendus vel beatae asperiores quaerat laudantium. Natus asperiores nisi facilis aut. Esse enim necessitatibus velit beatae laborum.',0,0,'1995-07-14 03:55:01'),(9,49,49,'Beatae id aut aliquid consequatur. Temporibus et laborum consequatur enim et aperiam ipsam. Libero qui aspernatur eaque rerum. Corrupti est qui in.',0,0,'1998-08-10 01:11:53'),(10,24,97,'Non similique voluptatibus nisi eos. Tempore corporis cum libero suscipit aut. Est ipsa esse accusamus omnis qui. Quia sed aut tempora aliquam dolor. Qui delectus omnis corporis expedita non perspiciatis occaecati labore.',1,1,'2005-06-15 00:10:46'),(11,97,88,'Necessitatibus soluta numquam vel eum dolor pariatur. Assumenda aut odit et molestias optio est. Commodi doloremque voluptatem consequatur commodi.',0,1,'1989-01-17 00:21:53'),(12,47,12,'Modi autem vel ipsam. Sunt ullam eos quam totam voluptatem quis error. Odit sit porro ipsa quasi porro. Sunt officia quae dicta necessitatibus nesciunt dolore non.',1,1,'2002-08-01 03:04:40'),(13,51,43,'Et voluptas omnis sapiente cupiditate. Maiores accusamus molestiae numquam quia. Eveniet cupiditate quo earum nihil.',0,0,'1980-08-11 05:30:49'),(14,66,86,'Necessitatibus quo sint officiis sapiente dicta. Fugit eos quod illum blanditiis aut mollitia et. Facere quia molestiae consequatur id.',1,0,'1991-07-28 07:47:11'),(15,13,83,'Ab illo sunt deserunt distinctio. Quis qui earum consequatur et.',1,0,'2011-07-23 02:26:53'),(16,41,60,'Debitis ducimus quia amet eaque. Doloremque est dolor ea unde. Sunt similique iste maiores nostrum commodi ea.',1,0,'2002-07-25 17:08:03'),(17,15,78,'Perspiciatis maxime aperiam eaque quae sapiente ab. Ex pariatur voluptatem expedita aut nesciunt eum saepe. Fugit sit tenetur non reiciendis.',0,1,'2019-08-01 09:43:41'),(18,78,17,'Vero mollitia dolore in voluptatibus voluptatibus laborum. Sit qui vero minima minima sed. Aperiam nihil in amet et perferendis.',1,0,'2006-08-06 17:36:43'),(19,18,49,'Suscipit placeat ratione qui eum ullam non quis. Quasi quia accusantium quidem repellat modi. Sit enim deserunt alias nihil architecto molestiae architecto. Velit nesciunt maiores eaque nesciunt.',0,1,'2016-03-19 16:35:48'),(20,46,43,'Magnam cum voluptatem doloribus aut. Nisi aperiam facilis ea voluptatem impedit quisquam debitis. Et quas fugiat necessitatibus beatae neque. Et et sed atque enim minus saepe veritatis.',0,1,'2008-09-05 13:28:34'),(21,11,43,'Et iste sint itaque. Assumenda omnis omnis sed sed iusto placeat. Excepturi laudantium labore ut numquam. Modi quia porro qui earum alias fugit.',0,0,'1987-09-17 17:24:32'),(22,17,17,'Velit dolor hic praesentium commodi. Et quo molestiae accusantium asperiores quisquam. Dolor et est sed hic et magnam.',1,0,'1994-04-24 03:16:37'),(23,35,99,'Reprehenderit ad tempora eveniet libero nemo alias. Voluptatem veniam reiciendis quia. Et et quo deserunt beatae quae.',0,1,'1980-07-09 13:19:25'),(24,54,66,'Perspiciatis est ea excepturi illum temporibus quaerat. Sit delectus vel aperiam ut voluptatum dolorum voluptatem. Reiciendis fugiat autem in. Nemo est laudantium vel iste odit.',0,0,'2015-12-05 11:47:06'),(25,88,75,'Optio et dolores possimus fugit aut consequatur a. Odio sequi qui in velit et vel cupiditate. Porro nobis aut sint dolor.',0,1,'1971-05-30 11:21:51'),(26,46,53,'Ipsum quas magnam quis quos eos. Ducimus esse earum ea ut optio. Et sapiente occaecati maxime eum possimus consequatur.',1,0,'1991-02-01 08:33:37'),(27,14,26,'Qui ut doloremque repudiandae quae. Dolorem consectetur optio tempora possimus dolores aut. Dicta ut earum dolor a. Voluptates sint cum quo sit.',0,0,'2000-01-05 03:38:12'),(28,7,23,'Esse nostrum ipsam et qui mollitia ullam. Enim amet reiciendis aut excepturi voluptas. Harum numquam sit voluptatem illum et. Itaque commodi maiores officiis nostrum enim molestiae adipisci aspernatur.',0,1,'2017-04-24 09:23:08'),(29,72,19,'Nihil quaerat eum eum nostrum veritatis placeat. Et modi qui eaque sunt. Voluptas sit odit unde quia doloremque corporis. Accusantium omnis reiciendis et.',1,0,'1972-03-25 06:36:09'),(30,63,69,'Atque reprehenderit repellat sit laboriosam similique velit molestias. Quo doloribus corrupti rem dignissimos adipisci fugiat aut molestiae. Fuga in et sit voluptas libero magni aut. Assumenda recusandae a illum quia sed. Autem voluptatum praesentium minima dolorem.',1,0,'1977-12-18 04:45:23'),(31,55,51,'Aut sit illo ipsum laudantium. Doloremque praesentium occaecati quis soluta. Officiis nam laborum laboriosam vero est sit provident.',1,0,'2005-10-28 21:05:03'),(32,82,75,'Et aliquid ut eveniet consequuntur eos fugit earum dolor. Et et nisi voluptatem distinctio culpa velit. Blanditiis expedita perspiciatis dolor ratione eligendi. Enim aut velit et ut quam et qui.',0,0,'1998-06-10 14:25:36'),(33,47,14,'Corporis vel eum aut nesciunt ea incidunt possimus. Quia eaque ea fuga natus qui laboriosam aliquid. Quisquam dolorem minus eum veritatis hic.',1,1,'1981-10-25 03:37:01'),(34,59,46,'Iste necessitatibus cum vel et deserunt hic. Non voluptates corrupti autem vitae. Omnis expedita architecto nesciunt dolore commodi enim enim.',0,1,'2007-10-16 12:19:11'),(35,76,51,'Tempore sint tempore laboriosam eaque nihil id dolorum. Officia cumque corrupti itaque aut laboriosam saepe. Libero et veritatis optio amet magnam voluptas rerum beatae.',1,0,'1972-02-05 11:34:06'),(36,43,52,'Et officia aliquid asperiores nostrum aliquid. Sint cupiditate omnis natus sed. Sit et sunt aut non illum est.',0,0,'1995-08-23 21:26:53'),(37,68,89,'Similique odit quia dolorum saepe. Error quia ratione totam aut iusto. Qui vel accusantium dicta saepe. Veniam temporibus ad qui incidunt.',0,0,'1993-10-18 15:33:51'),(38,68,78,'Ut ut eum rerum impedit aperiam. Nihil quas aperiam eius perferendis eos dolor. Tempora fugiat non possimus quod odio.',1,1,'1999-08-17 16:46:11'),(39,51,7,'Aperiam ea repudiandae quia perspiciatis ea in. Ut magni molestiae voluptatum corporis inventore. Tenetur reiciendis minus perferendis aliquam. Ex dolorem ea voluptate autem est et.',0,1,'2008-05-17 20:03:33'),(40,33,39,'Aut nihil ut odit sint debitis. Qui delectus cupiditate inventore eveniet. Pariatur impedit voluptatem nisi aliquid consequatur sed nostrum.',0,1,'1975-08-05 06:17:31'),(41,43,27,'Mollitia et sed eaque ullam sed. Possimus vero qui quisquam magnam. Expedita aspernatur natus magnam earum minima optio aut aut. Inventore ducimus eligendi excepturi cupiditate velit.',0,0,'2010-04-08 07:25:42'),(42,72,9,'Ea pariatur et qui. Omnis cum voluptatem neque. Doloremque quia suscipit nostrum eum repellat id et. Nemo a quasi repellat sint cum qui hic. Sunt quam voluptas id at et et.',1,0,'1971-07-21 21:08:39'),(43,56,83,'Culpa incidunt vel ratione aut itaque suscipit delectus enim. Praesentium pariatur eum sed minima sed. Officiis sed reprehenderit non at impedit deleniti. Odit omnis et sunt in officia eaque.',0,1,'2001-06-26 23:01:52'),(44,53,51,'Rerum accusamus est vel aut unde nulla eveniet. Neque ad voluptates quo vel. Repellat harum deleniti dignissimos nam et odio dolor. Qui debitis esse quos explicabo eaque.',1,1,'2011-10-08 23:27:29'),(45,66,61,'Cum aliquam est ut itaque. Recusandae facere at sapiente sunt magni eligendi. Voluptas quibusdam ipsa in voluptas tempora quisquam.',1,1,'1984-11-10 02:02:53'),(46,8,95,'Rerum id quis consequatur velit. Veniam ut enim sit. Nihil neque commodi rerum rerum.',0,1,'1988-11-13 19:08:29'),(47,72,14,'Ut aperiam culpa et sapiente debitis quos. Aut deserunt veniam voluptatum fugiat consequuntur qui eum voluptates. Est atque nihil nobis dolore. Cumque est velit delectus magnam ut.',0,0,'2005-05-26 08:20:12'),(48,88,4,'Odio sint fuga nostrum minus autem tenetur facere ad. Iste autem ea quas provident sunt nesciunt voluptatibus. Consequuntur rerum in non. Animi ducimus cupiditate quo porro.',1,0,'1982-12-30 03:31:06'),(49,15,63,'Veritatis quia quis asperiores distinctio quasi. Nostrum ullam quia maxime minima. Aperiam occaecati rerum et.',1,1,'2007-06-24 04:36:56'),(50,44,65,'Veniam dolor labore omnis quia optio. Esse doloremque corporis vel amet natus eligendi aut. Quis et modi at.',1,1,'1997-01-08 01:46:58'),(51,63,85,'Consequatur aut nisi et et a nisi et magni. Officia excepturi non minima est quo. Ipsam nesciunt nihil iusto quam autem aut suscipit.',0,0,'1984-04-27 10:04:50'),(52,79,80,'Quam nulla ut sit ex sed aut repellat. Aut aut consectetur ea totam velit enim est. Eligendi quo omnis dignissimos vel. Est adipisci aut possimus fugit voluptas.',1,0,'1975-08-12 05:48:31'),(53,31,24,'Ex voluptas officiis ut quia ad. Quaerat nemo iure voluptas reiciendis magni numquam. Labore sit magni veritatis sit in eos optio eum. Ducimus culpa et voluptatem fugiat vel.',1,1,'1972-07-29 14:57:53'),(54,24,92,'Laboriosam assumenda et nesciunt nostrum. Et maxime placeat qui quibusdam facilis repudiandae excepturi. Sunt eum suscipit harum a.',1,1,'1977-11-09 14:14:52'),(55,52,76,'Non ut sed ut quis et. Fugit culpa similique in repellendus nemo voluptas possimus facere. Molestias ducimus quis eligendi similique. Amet magnam molestiae sunt necessitatibus et qui.',0,0,'1991-07-01 14:30:07'),(56,90,52,'Aut molestiae facere pariatur voluptatem et. Illum nemo neque atque ut. Voluptas pariatur explicabo quas sequi deleniti voluptatibus. Voluptatibus reprehenderit omnis corporis atque.',0,1,'2003-09-17 15:42:48'),(57,65,87,'Voluptates culpa totam corporis nisi vero sequi necessitatibus. Accusantium magnam corporis voluptas rerum natus. Ut dolor nulla minus repudiandae voluptas animi eos.',1,1,'1976-11-22 03:41:57'),(58,49,98,'Rerum perferendis consectetur eligendi et provident. Perferendis nobis dicta architecto laboriosam. Facilis nobis nisi aperiam dolore doloribus et. Quisquam sint totam a molestiae quo velit.',0,1,'1999-02-14 00:11:43'),(59,47,26,'Sequi minus omnis repellat exercitationem eos blanditiis. Mollitia qui voluptate enim aut dolorem nulla natus ut. Vel et ea qui ut doloremque. Saepe qui ut maiores quibusdam. Officiis ut magnam consequuntur ad labore officiis.',0,0,'2005-08-15 22:31:31'),(60,58,10,'Temporibus animi est temporibus distinctio. Repellendus vitae eius eos consequuntur sed voluptatem itaque consequatur. Dolorem temporibus nisi iusto voluptates sunt facilis suscipit expedita. Ratione sit sunt soluta iure. Necessitatibus nihil vitae velit doloribus quae beatae.',0,1,'2004-06-22 07:07:57'),(61,59,84,'Et et eligendi in dignissimos perferendis. Quo officiis reiciendis illum. Voluptate nostrum molestiae accusamus dolore quibusdam dolorem officiis.',0,1,'1984-11-28 03:51:36'),(62,10,40,'Voluptas adipisci voluptate quod ullam. Ipsam veniam earum dolore qui optio sit tempora. Est aspernatur aut aut aut perspiciatis facere dignissimos.',0,0,'1971-08-07 08:37:26'),(63,31,16,'Quaerat recusandae velit voluptatibus nam necessitatibus qui eaque qui. Voluptas soluta rem est ut error. Voluptatem voluptatem quis voluptatem sunt qui nulla. Eos et amet rerum optio magni unde.',1,0,'1981-07-20 08:36:29'),(64,100,81,'Enim velit eaque ratione. Qui aut quibusdam perferendis est id illo facere quos. Vitae dolores neque voluptatem mollitia voluptas ipsa. Molestiae est tempora sunt non omnis tenetur distinctio.',0,0,'2003-09-07 15:58:34'),(65,99,32,'Minus asperiores earum optio quis aspernatur eum omnis. Voluptatem dolores quod rem laborum repellendus ratione.',0,0,'2013-08-09 04:21:37'),(66,8,26,'Veritatis iusto odit quod numquam rerum placeat iusto. Consequatur non voluptas consequatur quos assumenda temporibus laudantium. Et inventore modi ducimus deserunt ut distinctio. Et sapiente voluptatem vel reprehenderit corrupti similique.',0,1,'1982-06-12 16:38:41'),(67,13,1,'Dolores sed quidem deleniti est dolores. Ab quo suscipit excepturi officiis totam impedit quas. Eaque nihil non suscipit inventore. At laudantium ut cupiditate.',1,1,'2008-08-21 10:31:07'),(68,9,62,'Quas corrupti voluptas laudantium mollitia cupiditate reprehenderit. Velit quis magnam est aut architecto provident et. Hic sit ut dolores deserunt dolores reiciendis.',0,0,'1989-04-14 17:03:12'),(69,68,50,'Temporibus qui ratione praesentium. Autem harum sit ut est perferendis. Ut non quas libero et. Voluptatum natus error consequatur possimus impedit.',1,0,'2001-06-29 10:41:54'),(70,59,77,'In aspernatur consectetur velit rem quaerat sunt non. Nam assumenda beatae sed nisi qui laborum et aut. Consequatur qui officia est dolor voluptas dignissimos. Ut temporibus ut earum neque fugit.',1,1,'1973-05-13 11:03:00'),(71,14,59,'Perferendis aut perspiciatis in. Tempora non reprehenderit consequatur autem et fugit quod. Nemo est autem doloribus officiis nulla maxime.',1,0,'2003-09-25 18:25:45'),(72,39,22,'Enim vitae voluptatibus ullam deserunt iusto. Iusto ut numquam et a.',0,1,'1999-05-14 14:28:44'),(73,8,2,'Dolore eum cumque illum omnis laborum. Qui alias voluptatem veritatis eos eum autem dolorum. Adipisci omnis laboriosam blanditiis nihil facere.',0,0,'1982-01-20 19:31:33'),(74,98,1,'Praesentium tempora dignissimos quia quibusdam laborum consequatur repellat. Praesentium ut ut fugit doloribus quam praesentium rerum. Aut ut exercitationem est ipsa et. Officia sint et doloremque eum ea iste.',0,0,'1970-01-05 07:43:19'),(75,54,63,'Aut et et voluptate et. Tempore aut mollitia dolor distinctio sit rerum odio voluptas. Recusandae sed officia accusamus nulla.',1,1,'2005-05-07 19:29:44'),(76,95,38,'Sint est perspiciatis delectus est eos saepe est. Rerum similique recusandae in corrupti dolorem illo aperiam. Eligendi nostrum temporibus quis consequatur laboriosam.',1,1,'1997-03-31 00:33:43'),(77,18,17,'Qui quas commodi cum rem quas et aut. Cumque molestias pariatur vitae officia dolores. Aut consectetur eos aliquam ut est incidunt et.',0,0,'2001-04-02 03:20:20'),(78,83,17,'Repellendus nisi quia et. Cum ut ratione omnis. Necessitatibus et qui et ut. Corrupti quis fugiat architecto eos. At ipsa quod dignissimos in voluptatem vero nulla.',1,1,'2018-08-21 21:34:03'),(79,27,34,'Suscipit et aliquid nihil distinctio et. Beatae eum et voluptatem neque quidem sunt cumque. Quod quisquam laboriosam eos quibusdam consequatur aut qui. Molestias exercitationem corporis mollitia vitae eaque consequatur.',1,0,'1986-11-29 01:33:05'),(80,69,5,'Dolorem molestiae est et provident. Aut non magnam odio quisquam et. At suscipit et velit quod et commodi est.',0,1,'1975-04-02 19:42:40'),(81,48,24,'Ut quam dolorem sed ullam facilis enim sit. Ullam voluptatum sequi est ut. Tenetur est doloremque quis id vel commodi. Voluptas asperiores sed voluptas dicta perferendis.',1,0,'1973-05-07 05:07:56'),(82,72,6,'Sed qui quis veritatis eum sunt. Eveniet repellat odio quam et assumenda doloremque ut sed. Tempora accusantium nam temporibus sint voluptatem earum necessitatibus. Eos delectus et vel et delectus.',0,0,'2018-03-27 15:22:00'),(83,82,26,'Eius blanditiis quo qui. Omnis voluptatem blanditiis earum est facilis. Magni aut in suscipit ex eum recusandae voluptas. Neque hic aliquid maiores est nostrum.',0,1,'1979-10-07 10:33:00'),(84,39,27,'Et vitae voluptatibus at dolore id fuga. Ut aut itaque incidunt est. Tempora iste ea a dolor quia temporibus.',1,1,'1996-09-04 14:55:24'),(85,14,37,'Consequuntur autem modi quae nostrum reiciendis et fugit maxime. Accusantium consequatur earum voluptas quidem alias. Voluptatibus incidunt laboriosam iusto rem. Dolorum dicta veniam consequatur dolorem temporibus.',1,1,'1994-01-13 19:53:00'),(86,49,34,'Minus quia incidunt aut dolore distinctio ea. Quasi vitae laborum ea aliquid porro cupiditate voluptatem. Est sed modi ipsa molestiae odit harum non.',1,1,'2001-02-25 07:53:43'),(87,45,98,'Est tempore ad quia et repellendus culpa maxime. Ut labore fuga illo reiciendis nesciunt iure atque. Culpa commodi quis odit ipsa.',1,0,'2006-05-24 05:39:56'),(88,75,51,'Accusamus omnis et adipisci tempore deserunt dicta consequuntur fugiat. Praesentium debitis in quaerat ut recusandae est voluptas. Aut ullam dolorum unde non. Distinctio quasi cum magni eaque ea alias.',1,0,'1971-08-05 11:25:36'),(89,43,79,'Ut quis dolorem nesciunt placeat quod accusamus est rem. Aperiam dolor necessitatibus a et. Dicta quis placeat autem voluptas dolorem nobis error.',1,0,'2005-07-27 22:53:26'),(90,5,60,'Suscipit dolorem sunt ipsum. Quia similique molestiae hic neque eum. Magni officia expedita veritatis voluptatibus et ullam possimus.',1,1,'2003-04-17 23:33:49'),(91,44,13,'Qui maiores aut ab perspiciatis nostrum. Unde eos omnis labore suscipit occaecati. Pariatur nobis occaecati recusandae quaerat reprehenderit dicta. Eum quas minima quidem dolorum distinctio voluptas illum quia.',1,1,'1985-06-03 20:09:47'),(92,64,87,'Iure nihil harum dolorum ea doloremque ullam a. Ipsam et et nostrum repellat consequatur officiis blanditiis. Nihil dolores est qui maiores maxime fugit. Consequatur dolores commodi quasi sit rerum.',0,1,'2012-05-31 21:17:33'),(93,89,82,'At animi vero recusandae architecto eos. Adipisci optio facilis qui. Fugiat soluta atque ea dignissimos. Porro odit eum quos quia consequatur quisquam molestias quod.',1,0,'2012-10-02 01:35:46'),(94,20,54,'Pariatur cupiditate accusantium aliquam est voluptas sint suscipit. Ut odit et vitae quia iste ea. Beatae odio fugiat laboriosam ullam nesciunt officiis harum. Id architecto asperiores ex quisquam.',0,0,'2001-01-24 15:08:08'),(95,80,20,'Repellendus in molestias repellendus facere soluta. Minima consectetur id id dolor alias tempore deleniti. Aspernatur illum dolorem qui quasi mollitia voluptas cumque eveniet. Et dolorum ipsa praesentium modi alias aperiam.',0,0,'1986-09-28 14:43:47'),(96,32,5,'Aliquam quidem odit sed officiis. Dolorem in suscipit porro in. Et et est fuga est quia sed.',1,0,'1987-06-22 09:59:15'),(97,37,89,'Et sit aperiam distinctio odio. Saepe nisi quo quia sunt inventore et. Repudiandae sit impedit perferendis laboriosam quia et. Laborum unde praesentium occaecati incidunt perspiciatis ipsum officia.',1,1,'1997-05-13 10:20:49'),(98,11,14,'Itaque error consequatur sed est reprehenderit voluptas. Enim tenetur illo sit fuga qui sint ut. Dicta magni ut labore tenetur in.',0,0,'2015-12-09 04:17:15'),(99,98,96,'Sed et fuga aspernatur deleniti. Blanditiis sit et quia pariatur. A et sint quos consectetur itaque magni dolor voluptatem. Minus rerum quam hic atque consequatur iusto quia.',1,0,'2016-12-01 12:51:25'),(100,43,55,'Beatae ipsam voluptate et doloribus voluptatibus dolorum non. Quas sit qui maxime voluptatem. Ullam voluptatibus id magni praesentium.',1,0,'2006-04-03 06:57:39'),(101,35,89,'Nesciunt qui culpa non dolores totam rem hic. Tempore neque fugiat temporibus sit esse odio. Et iusto sed dolor.',0,1,'1973-08-03 07:46:48'),(102,71,97,'Ipsum sed et sit saepe molestiae nemo. Praesentium labore quo fugit minima aut. Autem labore et quos ipsum.',0,0,'1973-07-26 21:32:18'),(103,4,92,'Ab optio laborum eos dolorem asperiores minima. Placeat omnis occaecati neque asperiores. Sint vitae consequatur ullam et quaerat.',0,1,'1990-04-15 21:52:03'),(104,95,28,'Excepturi fugiat ipsam aut qui fugiat commodi eos. Doloremque assumenda assumenda accusantium ab non et.',0,1,'2003-03-21 19:11:52'),(105,17,77,'Exercitationem omnis iusto quam omnis aut veniam. Non repellat deleniti exercitationem vero enim nemo veniam nostrum. Velit voluptas aspernatur eos qui. Aut magnam explicabo est quia. Mollitia voluptatem cum et ut ullam magni ut.',1,1,'1984-09-04 10:07:14'),(106,10,9,'Iste id vel dolorem quidem repellat. Vero ut aperiam quaerat sed.',0,1,'1997-02-27 00:02:57'),(107,21,6,'Aut saepe vel et eligendi animi dolor. Consequatur incidunt et quia ipsum magnam molestiae eligendi. Sint et error voluptatem optio soluta tempora.',0,1,'1972-05-28 20:19:03'),(108,55,10,'Ut architecto nihil velit deserunt. Optio dignissimos aperiam molestiae sit et veniam. Quia maxime reprehenderit fugiat inventore voluptatibus. Fugiat quisquam eos et iusto nihil aut debitis.',0,0,'1989-08-20 04:57:32'),(109,31,96,'Magnam voluptate dicta saepe sit error aut vitae. Omnis quis praesentium recusandae dicta provident iusto accusamus. Molestiae laborum voluptatem enim velit.',1,1,'2009-07-28 06:43:53'),(110,98,30,'Et porro pariatur ut nostrum reiciendis et aperiam earum. Ut id earum quis maxime sunt et voluptatem ab. Impedit molestiae quae velit perferendis aut amet totam.',1,0,'2001-10-10 12:43:33'),(111,65,92,'Architecto facere consequatur aliquid ratione itaque saepe. Molestias ut facere a nobis cum atque. Earum similique cupiditate dolor voluptas. Molestiae impedit unde id aliquid nihil.',1,1,'1978-08-15 03:31:24'),(112,39,54,'Qui laudantium dolorem ratione deleniti provident. Sunt dolorum soluta quis consequatur.',0,1,'1982-10-30 18:33:16'),(113,87,55,'Aut minus ex ab ab quia. Dolorum distinctio et sint ratione voluptas.',1,0,'1989-11-22 15:38:46'),(114,8,4,'Explicabo sapiente rerum minus qui. Consequatur veniam neque enim rerum doloribus ut est magnam. Molestiae reiciendis asperiores ipsum ut. Quibusdam asperiores molestiae placeat perspiciatis rerum.',1,0,'1981-11-04 13:52:41'),(115,35,44,'Id aut numquam maiores eius. Harum fugiat fugiat illo velit corrupti quia voluptatem. Possimus quia eos iure molestiae.',1,1,'1972-10-07 15:11:09'),(116,11,9,'Labore sit minus et quae aut fugiat. Porro repellat eos omnis et vel. Officia omnis inventore laborum voluptas impedit vitae. Rerum quae dolor dicta error eveniet quia aliquam.',1,0,'1972-11-03 19:49:17'),(117,94,49,'Optio ullam explicabo doloribus. Voluptatem et iste dolorum aliquid laudantium. Aliquam perferendis vero minima vitae aliquam perspiciatis.',0,0,'2019-03-17 17:01:13'),(118,59,96,'Ut voluptates quo iure ullam. Pariatur voluptates et ad consectetur eum consequatur vitae at. Voluptatem vel expedita amet. Quod autem quis omnis excepturi nulla molestias pariatur.',0,1,'2014-04-14 01:25:00'),(119,98,57,'Ut quibusdam et voluptates a. Beatae praesentium tempore consectetur. Laudantium sed beatae quia dolorem est in ipsam. Ut aliquid neque quasi voluptas non placeat velit.',1,0,'2016-09-17 04:35:51'),(120,5,47,'Atque voluptas quia doloremque corrupti laborum quos. Sint nisi praesentium autem nostrum. Laboriosam error in consequatur voluptas libero ipsam.',0,0,'2003-03-07 23:55:43'),(121,77,63,'Illo perferendis facilis dignissimos nulla rerum non et repellat. Ex aut atque architecto eius sit ut deleniti. Iste voluptatum nihil magnam pariatur quia asperiores ipsa.',0,1,'2009-09-23 11:35:43'),(122,37,77,'Eos non sit dicta eos voluptatibus. Dolorem est sit ducimus debitis non voluptas voluptatibus. Voluptas itaque quaerat dolor esse. Illo ut corporis tenetur consectetur repellat error maxime.',1,0,'1972-08-11 06:49:12'),(123,41,67,'Qui sunt accusantium quos incidunt inventore aspernatur a. Totam cumque earum optio excepturi optio ut. Soluta odit laboriosam et.',1,1,'1986-01-19 02:35:55'),(124,87,19,'Molestiae est sit enim eum omnis. Qui accusamus in ea et quod voluptatem quasi. Et minus tempora earum ut incidunt recusandae voluptatem quia. Et ipsa aliquid maiores et qui.',0,1,'2002-01-04 06:14:42'),(125,24,79,'Numquam labore quae in repudiandae debitis. Voluptatem ut sapiente suscipit.',1,1,'1986-10-06 09:24:12'),(126,18,74,'Ut pariatur quis est expedita tenetur possimus omnis. Consectetur nostrum labore qui.',0,1,'1986-04-06 10:02:38'),(127,13,53,'Minima mollitia eos nulla autem. Deserunt distinctio voluptatibus sunt et. Fugiat sit debitis aut sed quas nihil.',1,0,'1977-11-23 07:34:34'),(128,58,57,'Natus voluptate sit nemo perspiciatis ratione quia. Consequatur ea doloremque sit est voluptas. Sequi fugit et reiciendis labore natus et ex.',0,1,'1978-12-13 02:00:28'),(129,45,95,'Dolor ipsa tempore porro aut. Et eius dolore autem dolores fuga necessitatibus porro. Natus a perspiciatis blanditiis repellat mollitia occaecati. Voluptatem culpa sit molestias molestiae.',1,0,'2001-06-10 16:13:08'),(130,35,34,'Voluptatum dicta totam alias porro quibusdam. Enim voluptatem illum reiciendis veritatis sapiente quo temporibus. Est illo non dicta voluptatem qui.',0,1,'1990-07-05 08:47:36'),(131,12,81,'Deleniti quibusdam excepturi tenetur consequuntur sit iusto repellendus. Excepturi ex aliquam laudantium. Id laborum alias nulla praesentium magnam porro quis at. Quibusdam vel qui omnis ea explicabo aliquid sed.',1,0,'1971-10-15 15:05:45'),(132,84,23,'Incidunt aperiam id possimus maxime aut odit sint in. Consequuntur culpa perferendis quaerat quia aut eveniet. Voluptatem velit omnis sunt laboriosam in rerum rerum. Ad qui iure odio aliquam qui.',1,0,'1996-02-22 05:17:43'),(133,12,63,'Rerum perferendis et accusantium repudiandae aspernatur fugit. Quo aut eum consequatur similique asperiores ipsam sapiente. Sit perferendis occaecati voluptate quod sint adipisci.',1,1,'1987-01-24 21:13:45'),(134,5,6,'Id et deleniti aut dolor id voluptatem nostrum. Fuga corrupti ea nemo rerum voluptas iusto minima. In eaque vitae nam accusamus architecto non quibusdam.',0,1,'1983-05-10 18:57:08'),(135,67,79,'Ut repellendus ipsam voluptatem. Occaecati dicta provident ut debitis praesentium non pariatur. Itaque harum iusto ea laudantium atque molestiae quam.',0,0,'2006-04-11 18:36:21'),(136,13,97,'Iure neque minus voluptas consequatur dolores. Impedit delectus similique debitis molestias nemo. Praesentium aut quia necessitatibus est aut vel et. Quam delectus quae suscipit vel enim illo provident aut. Nostrum inventore labore quisquam adipisci maiores.',1,0,'2003-02-17 09:28:23'),(137,53,79,'Illum et ipsam eligendi ut. Voluptates quo soluta vel laborum ratione nesciunt. Sed debitis ut voluptatibus tenetur voluptas et. Suscipit eum similique et hic beatae nihil.',1,1,'2019-04-01 00:37:44'),(138,54,2,'Culpa esse dolorem deserunt quas. Porro voluptatem accusamus dolores voluptas distinctio voluptas maxime. Voluptas accusantium sit distinctio temporibus veritatis architecto. Quia officiis earum ut impedit eaque assumenda et. Doloribus explicabo aut omnis ipsam inventore impedit labore.',0,1,'1984-05-07 17:19:24'),(139,69,79,'Corrupti molestiae illum quia laboriosam sed in maxime. Et non cupiditate illum quos ut perspiciatis eveniet quo. Ut quod consequatur et ipsam ex voluptatem laudantium est.',1,1,'1986-02-17 17:41:05'),(140,93,22,'Voluptas in similique nesciunt. Consequatur sint et est. Non magni est impedit neque quidem adipisci. Sapiente pariatur dolores explicabo veniam iusto in delectus porro.',1,1,'2000-12-31 13:52:34'),(141,100,25,'Ut nihil qui architecto voluptatem. Sed occaecati consequatur ea fugit a quam. Voluptatem soluta quia enim nobis facere ut nihil. Eum atque deleniti rerum.',0,0,'2006-03-11 15:50:52'),(142,68,38,'Et voluptatem delectus voluptas officiis. Beatae rem incidunt quia expedita dolorem ducimus tempore. Harum quo est aliquam omnis provident sit. Ut qui consequatur repudiandae temporibus recusandae dolor quia debitis.',0,0,'2014-03-10 10:19:44'),(143,86,10,'Excepturi distinctio aut dolores aliquid asperiores repudiandae. Quae voluptatem maiores fuga consectetur enim.',1,1,'1990-07-04 14:21:29'),(144,4,83,'Omnis voluptatem non ipsam eveniet dolor doloribus aut. Quis officiis reiciendis qui et quibusdam. Velit ut magni fuga.',1,1,'1986-08-10 02:13:14'),(145,22,25,'Fuga labore esse voluptates consequatur. Saepe aut possimus nihil necessitatibus. Sequi et consequuntur ipsa aut unde praesentium dolores. Dolores quo et necessitatibus.',0,1,'1983-01-08 06:35:55'),(146,21,41,'Qui rerum quo sit cumque qui. Dolore eum id dicta vel ut. Facilis in quo dolor sapiente. Culpa qui officiis natus ut eveniet.',1,1,'2014-09-16 10:01:54'),(147,22,64,'Et illo quisquam earum quam qui aspernatur. Rerum sed possimus et.',1,0,'1995-10-13 18:38:09'),(148,88,83,'Ut velit quia blanditiis est. Sed ut tempore consequatur impedit a. Repellendus numquam quod quisquam aliquam temporibus dolores.',0,1,'2011-02-22 15:59:21'),(149,100,77,'Rerum sunt quia nobis voluptatem. Doloremque ipsam et optio reprehenderit ea reprehenderit esse eligendi. Voluptatibus architecto omnis culpa.',1,0,'1987-05-23 16:27:50'),(150,46,35,'Ipsa aut at quod quaerat. Aspernatur earum voluptatibus id beatae dolorem.',1,0,'2001-02-06 09:48:48'),(151,73,82,'Accusantium magni voluptatem quis eligendi molestiae. Rerum labore dicta labore et consequatur quia beatae. Sunt alias numquam omnis placeat sapiente vel odit odit.',0,1,'2013-09-12 23:47:56'),(152,94,20,'Ipsam voluptates aliquid corrupti est laborum. Quia incidunt eligendi qui beatae omnis aut omnis. Necessitatibus quidem possimus nostrum sint qui non id. Quis ut et cupiditate sapiente consequatur incidunt consequatur illo.',0,1,'1977-03-02 06:09:34'),(153,72,72,'Accusamus in omnis voluptas. Saepe fuga quis inventore. Ut doloremque rerum a a. Voluptatem quis corporis facilis dolores illo impedit. Ut atque tenetur alias et.',0,0,'2002-02-27 11:46:04'),(154,72,59,'Eos deserunt et dolore ullam. Autem ipsum in in sint ut fuga et. Eum et molestiae incidunt et doloribus.',0,0,'1982-11-04 18:06:25'),(155,84,84,'Cumque aliquid officiis consequatur dignissimos rerum. Adipisci veritatis enim delectus doloribus et autem magnam et. Esse et tenetur maiores libero fugiat.',1,0,'2002-07-31 15:56:37'),(156,20,47,'Eos et explicabo dolores qui eaque enim. Cumque vel voluptatibus molestias perferendis. Dolor dolore ullam est tenetur occaecati cumque nulla. Maxime quae distinctio in architecto eius est nisi dolor.',1,0,'1977-03-31 21:21:16'),(157,39,84,'Pariatur deleniti fugiat similique. Ab occaecati quo voluptates quas. Dolorem doloribus dolor autem quia fugiat sint ullam. Sapiente aut aut sunt qui. Voluptatem laudantium minima ea laborum illum.',0,1,'1987-02-21 08:01:29'),(158,28,67,'Repudiandae qui in et illum velit. Et earum facilis excepturi eligendi dolores sit nemo. Sint voluptate qui explicabo perspiciatis expedita quia perspiciatis. Non repellendus libero ut itaque qui et.',0,0,'1972-08-12 10:05:19'),(159,71,65,'Sit repellendus quibusdam esse rerum harum enim. Eos perferendis iure id quas alias corporis. Ut delectus autem porro minus corrupti dicta aut et. Similique praesentium ex sed quasi.',0,0,'1991-04-26 14:22:39'),(160,61,44,'Autem ex quasi cumque unde dolor. Quod velit dolores voluptas facilis nostrum praesentium ducimus. Laudantium ipsam veniam voluptas enim possimus.',0,1,'1986-03-21 20:38:37'),(161,62,9,'Libero corporis est commodi est illum. Ipsum qui sed omnis nostrum asperiores eligendi.',1,1,'2005-03-27 15:50:56'),(162,28,52,'Libero excepturi alias numquam omnis dolorem. Odio nihil ratione est accusantium in cum. Fugiat esse velit voluptas et. Optio est cum iste rerum sit nostrum.',1,1,'1976-12-08 08:29:57'),(163,38,70,'Totam laborum cupiditate molestiae ex aut enim omnis. Natus explicabo dolorem quia eum voluptatem. Voluptatum temporibus id possimus quisquam quos. In sunt a fuga atque.',0,1,'1976-09-22 05:35:43'),(164,84,81,'Quia molestiae iusto reiciendis numquam. Accusamus quas ad aperiam autem tempora. Corporis tenetur molestiae iusto. Doloremque voluptates explicabo quis sunt.',1,0,'1971-08-15 14:22:06'),(165,19,10,'Sit aliquam voluptas et animi corrupti officiis. Laudantium non possimus consectetur natus voluptatibus eligendi consequatur. Repellat sapiente assumenda nemo incidunt amet voluptatem autem. Accusantium velit illo eveniet praesentium sed.',0,0,'2017-08-19 12:02:50'),(166,59,48,'Tempora id et veritatis dolores expedita iure. Et facere omnis velit voluptas laboriosam beatae quam. Et rem dolorem voluptatem impedit ipsum. Nam necessitatibus qui et et itaque. Aliquid et amet nobis dolores consequatur ex consequatur vel.',0,1,'1990-05-27 05:56:39'),(167,59,60,'Illum adipisci et non et. Magni dolorem odit maiores deserunt. Eum nihil totam dolores debitis accusantium. Et dolor velit excepturi qui omnis autem voluptas.',1,0,'2019-08-07 02:50:08'),(168,48,23,'Voluptatibus deserunt nobis vel sint harum architecto. Repellendus neque cupiditate aspernatur ducimus delectus voluptatem voluptatem officia.',1,0,'1974-10-20 01:39:16'),(169,31,79,'Nulla labore est quas voluptatem et. Et sit aut et molestiae odit eum odio voluptates. Est inventore deleniti accusamus repellat. Velit sint sapiente voluptatem deserunt. Est dolores omnis rem non.',1,0,'1993-06-03 04:09:30'),(170,33,28,'Ratione voluptatem fuga in neque voluptatibus in maiores. Aut et quia eum a atque. Dolorem perspiciatis et debitis aut minima sunt.',0,0,'1980-06-30 16:00:07'),(171,29,83,'Quidem asperiores enim voluptatibus explicabo aut. Perferendis dignissimos expedita aliquid maxime tempore voluptatibus cumque quibusdam. Officiis perspiciatis nostrum iusto et aperiam neque nemo.',1,1,'1980-01-27 02:04:02'),(172,30,80,'Nobis error mollitia rem quidem fugit quia. Nobis quidem eum dolore ut et rerum dolorem. Omnis modi sequi et voluptas.',0,0,'1972-05-11 05:07:50'),(173,34,82,'Sequi libero et dolores vitae. At ipsam reprehenderit illo consectetur. Ex assumenda eligendi odit deserunt dolorem quisquam. Qui natus sapiente aliquam ad. Pariatur aliquam et repellendus doloremque a odio.',1,1,'1973-05-05 10:59:41'),(174,91,100,'Amet dolorum ex est sapiente iusto fugiat et. Minima id laborum facere. Voluptas dolore rem sequi enim dolores magni ut et.',0,1,'1980-08-18 03:32:44'),(175,17,97,'Magni aliquam qui odio aut et itaque. Voluptas quidem distinctio sed saepe nemo sed eum. Aut soluta rem tenetur asperiores. Sint assumenda molestiae quaerat voluptates est id aut temporibus.',1,1,'2014-07-08 06:50:43'),(176,54,54,'Consequatur unde error sit et aspernatur ab. Voluptates deserunt dolore maiores possimus reprehenderit ullam beatae itaque.',1,1,'1973-05-14 16:34:24'),(177,67,100,'Minus dolore aut quisquam et. Maxime et sunt dolores et quidem. Tempore autem ut esse.',0,0,'1975-12-26 01:06:08'),(178,10,27,'Totam et id ad. Repudiandae accusantium nihil dolores error labore officiis quia. Odio eos totam quia veniam commodi vel omnis. Quia nobis qui porro tempora vel.',0,1,'2007-09-09 21:34:34'),(179,79,25,'Magnam praesentium temporibus modi vel inventore provident nemo quod. Dolorum ea velit rerum beatae sit. Dolores ut omnis odio eveniet et non autem quia. Maxime doloremque quam aut cupiditate saepe libero reiciendis.',0,0,'2007-07-15 13:24:31'),(180,89,1,'Delectus voluptatem aut rerum magni et nesciunt. Consequatur dolore autem harum quia nam. Minima eveniet qui officia et.',1,0,'2008-02-13 02:09:59'),(181,29,44,'Modi explicabo nemo vel. Ea autem esse doloribus a consectetur aut. Quas ea magni recusandae autem cum. In sit dolorem odit. Placeat dicta magnam dolorem perferendis qui repellat corrupti est.',0,1,'2009-12-24 01:51:55'),(182,26,40,'Dolore et dolores eius blanditiis cumque. Repudiandae quae ipsam sit exercitationem tempora ab. Perferendis nesciunt accusantium non qui minus qui dolorem.',0,0,'1988-01-01 00:26:37'),(183,47,11,'Quo suscipit accusamus iusto et. Deserunt ut possimus in quibusdam sunt optio. Et veniam itaque voluptatem ea eos temporibus et. Magni cum cumque quo nihil.',1,0,'1978-02-01 12:03:53'),(184,67,53,'Iure nobis consectetur commodi vero non itaque ea eum. Sit et voluptatem iste error aut ut nihil ratione. Ipsa rerum odio numquam recusandae officiis voluptatum quo.',0,1,'2015-09-15 17:00:06'),(185,100,41,'Numquam libero odit autem explicabo maiores quas. Nobis facere ab temporibus deserunt eos debitis delectus. Quia et qui hic nostrum sit. A ut dignissimos vel qui odio.',1,1,'1978-01-24 06:43:58'),(186,81,11,'Nisi vel optio et molestiae. Ratione inventore ad et laborum minima temporibus voluptatum. Eum architecto qui expedita.',1,0,'2019-05-25 02:21:34'),(187,65,18,'Qui sunt in ipsum eius voluptatem nihil est corrupti. Hic et amet voluptatem explicabo sit et.',1,0,'2001-04-07 02:32:56'),(188,85,98,'Et earum porro consequuntur. Officiis in saepe ut ex omnis amet. Dicta et reprehenderit vero repellat nihil id.',1,0,'2009-10-02 22:05:30'),(189,87,98,'Minus et sed error asperiores quae est ipsum. Odio ut culpa iure veniam molestiae qui delectus hic. Enim consequatur amet eaque velit quas nesciunt rerum. At quos esse non sit iure nemo. Aut deleniti non voluptate neque et.',0,0,'1991-05-06 23:36:24'),(190,15,65,'Et repudiandae velit et et architecto dolores sapiente laboriosam. Minus debitis soluta beatae perspiciatis. Qui dolorem aspernatur soluta qui repudiandae. Officia laborum quia id ut ea. Maiores quam voluptate quasi molestiae.',1,0,'1974-08-12 09:12:59'),(191,34,48,'Beatae magni omnis nesciunt ullam praesentium nam. Eveniet modi quis ea laborum. Impedit ut quia officiis voluptatem sapiente minus harum. Velit dolor alias qui voluptatem minima amet et.',0,0,'1979-08-24 21:57:07'),(192,46,90,'Qui voluptates qui aut facilis ut molestiae quod. Placeat est voluptates minima soluta. Est recusandae cum sunt quos.',0,0,'1990-05-08 02:57:02'),(193,48,22,'Itaque voluptates minus laboriosam. Voluptas perspiciatis maxime voluptatem voluptates illum voluptatem nobis modi. Possimus deserunt dolore fugit cupiditate sapiente sed. Ratione illo ut in laborum et.',1,0,'1997-06-27 03:12:04'),(194,51,14,'Dolores quis voluptatem quo est ut dolorum sequi. Nulla numquam odio et natus quidem reiciendis nemo.',0,0,'2018-10-18 21:17:02'),(195,84,62,'Odit sed dolorem corrupti voluptatem. Et ut velit modi accusantium est. Omnis aliquid eum maiores blanditiis doloremque qui.',0,0,'1998-09-05 21:17:18'),(196,49,62,'Eos repellat expedita officiis id. Enim sit rerum sint delectus. Quod sed debitis non quas.',1,0,'2009-05-21 06:40:08'),(197,37,15,'Eaque rerum est rerum est. In nobis suscipit et aut. Facilis dignissimos voluptas perspiciatis sequi et quae.',0,1,'1977-07-04 16:07:42'),(198,5,88,'Tenetur voluptatibus corporis quis fugiat fugit. A aspernatur voluptatem praesentium similique deserunt voluptatibus qui. Et earum ea optio voluptates aliquid et. Iure est enim voluptas quo.',0,0,'1970-08-17 00:25:38'),(199,5,42,'Omnis maiores quis consequuntur dolore. Culpa nulla ut voluptate suscipit voluptatem. Voluptatum veniam sed quaerat nesciunt omnis ab nulla possimus. Qui voluptates rerum vero eum voluptatum voluptate voluptate.',1,0,'1993-08-27 07:04:47'),(200,92,45,'Hic asperiores blanditiis delectus excepturi. Quas dignissimos qui aut odio consequuntur et eum. Cum quia minima quia expedita. Cupiditate quidem deserunt sit natus aut voluptatem error possimus.',0,1,'2009-12-30 14:32:12'),(201,29,66,'Aut rerum aut qui impedit similique voluptatem dolores. Et non asperiores aut recusandae magni quia.',0,1,'2002-02-19 03:43:23'),(202,34,49,'Ad pariatur totam ex blanditiis omnis dolor fugit. Ut nemo repellat omnis. Esse eum officia atque dolorem et sed enim ea.',0,0,'2008-07-24 03:43:04'),(203,16,51,'Ea totam ullam amet repellendus. Quia quas vero itaque enim enim. Sapiente occaecati quibusdam qui omnis laudantium.',0,0,'2013-09-11 01:23:50'),(204,47,60,'Vel illum et nam unde vero velit voluptatem veniam. Omnis repellendus vel officiis voluptatem similique dignissimos voluptas. Porro dolorem velit error saepe consequatur dignissimos ut vel. Qui voluptatem dolor eum dolores.',1,1,'2008-04-05 08:26:33'),(205,82,84,'Corrupti quod excepturi dolore impedit ut assumenda. Et enim impedit et molestiae consequatur cum veritatis. Sint non iusto sit quaerat culpa. Ut aliquam occaecati cum qui.',0,1,'2019-01-13 04:52:18'),(206,46,52,'Exercitationem rerum officiis qui sunt voluptates. Fugiat ut nihil placeat dolorem. Corrupti quia est qui maxime.',1,0,'1978-09-12 10:02:14'),(207,48,15,'Odio temporibus sed vel quam ipsum. Aut aperiam commodi iure delectus. In nobis a quam inventore temporibus deserunt et. Laudantium quo ea omnis mollitia autem est. Dolorum aut repudiandae nihil minima natus.',1,0,'2010-01-06 20:51:52'),(208,13,20,'Ut aut recusandae quo sequi perferendis. Quasi eius consequuntur impedit voluptatibus nulla ut eveniet atque. Natus ipsa error vitae nesciunt.',0,0,'1989-04-28 14:28:52'),(209,32,61,'Dicta facilis quaerat animi sint id maxime id ut. Quis repudiandae dolor molestiae. Temporibus quo voluptatem rerum. Accusantium natus facilis pariatur nesciunt.',1,1,'1970-02-18 00:24:23'),(210,57,71,'Minima ex aliquam aut repellat quis voluptatum. Quas occaecati velit odit. Expedita qui quos laborum ipsa suscipit odio nulla.',0,0,'1978-08-05 09:20:48'),(211,35,56,'Sunt amet cupiditate repellendus temporibus. Repellendus quis cupiditate numquam architecto ea quia et. Eligendi quam quia ipsum quo inventore officiis molestiae deleniti. Illo voluptatem nulla reprehenderit similique.',1,1,'2012-12-25 02:46:03'),(212,59,4,'Sequi vel quam eum laborum exercitationem natus. Aut nihil quaerat sint alias molestias. Iure facere reiciendis quos illum delectus.',0,1,'1990-05-09 01:48:03'),(213,48,81,'Ut est quibusdam debitis et fugiat. Sequi soluta iusto consequuntur natus impedit rerum blanditiis. Voluptatem dolorum natus inventore. Culpa aliquam impedit nemo id et asperiores.',1,1,'2015-10-30 15:04:32'),(214,38,72,'Ipsum vel eum officiis et error. At tempora consequuntur molestiae odit autem omnis. Vitae nulla est ut rem voluptas rerum sed.',1,0,'1976-03-17 07:55:38'),(215,67,36,'Voluptatibus at totam sunt dicta est voluptas. Vel temporibus tempore optio quaerat.',1,0,'2015-08-23 16:54:46'),(216,80,19,'Aspernatur nobis quae iure voluptatem tempora dignissimos. Aspernatur expedita esse nemo officia voluptatem et ab.',0,0,'2012-02-27 08:29:28'),(217,72,20,'Voluptatum itaque temporibus voluptatem aliquam nesciunt. Modi similique quia ratione suscipit earum. Deserunt omnis magni alias doloribus. Quod dignissimos quo maiores eligendi repellendus quaerat.',0,1,'2008-08-22 18:05:09'),(218,16,63,'Est eveniet veniam fuga amet ut doloribus eos sed. Cupiditate est eum pariatur explicabo ut sit in. Optio aut iste at recusandae amet facere. Pariatur iure velit totam consequuntur doloribus.',0,0,'2011-12-12 15:19:45'),(219,49,56,'Et vel non odit et aut. Voluptatem sed odit voluptas blanditiis beatae et et. Qui atque est eligendi nostrum. Repudiandae ratione veritatis autem minima beatae fugiat facere ea.',1,1,'2008-04-08 20:39:39'),(220,51,38,'Aut assumenda expedita similique aliquam maiores atque. Sed nesciunt amet rerum sit dolorem sunt. Quia deserunt rerum perferendis et.',1,1,'1984-02-21 01:47:54'),(221,75,42,'Sunt voluptate quam corrupti. Rerum voluptas blanditiis voluptatem et hic voluptatem similique. A sit ipsa ut ut porro.',0,1,'2006-11-02 23:20:24'),(222,92,61,'Quod quia voluptatibus doloremque quo. Dolore nostrum qui nihil iusto molestias. Sed ratione dolore error vitae qui.',0,0,'1993-07-31 12:33:26'),(223,100,8,'Esse porro qui consequuntur perspiciatis. Ut laborum et vero voluptatem omnis. Eaque voluptates incidunt recusandae ipsa cupiditate velit soluta. Tempora ea unde repellendus officiis quaerat enim.',0,1,'2007-04-17 21:46:44'),(224,7,76,'Consequuntur consequatur molestiae sit sed unde deserunt tenetur. Veritatis et ratione sed nihil. Sunt deserunt voluptas cumque itaque.',1,1,'2012-08-03 07:16:52'),(225,62,49,'Voluptates itaque eos voluptatibus qui non. Iure repellat tempora ipsum neque totam eos enim. Sit quis officia et sint recusandae vel perspiciatis. Et dicta accusamus est hic ut officia rerum aut.',0,1,'2017-10-09 20:12:28'),(226,65,3,'Quisquam ad at eaque perspiciatis voluptas. Iusto dolorem laborum amet esse quis rerum. Ut est nihil numquam porro.',0,0,'1994-12-01 06:35:19'),(227,77,96,'Est harum autem qui aut consectetur error exercitationem. Est est repellat provident doloribus ab numquam. Quae eveniet vero consequuntur nihil sunt. Minus molestias sed dolor porro nesciunt aut aspernatur esse. Et sit placeat corrupti eius ea ex.',0,0,'1975-03-03 14:34:58'),(228,92,80,'Quisquam ab qui voluptas fugit consequatur. Et deleniti porro facere debitis dignissimos consequatur quam. Aut qui qui consectetur aut tempore possimus. Illo qui officiis sunt quia vero minima vitae. Aut mollitia voluptatem nihil dicta necessitatibus optio est.',0,0,'2016-09-19 10:57:11'),(229,62,85,'Tempore sunt blanditiis cumque. Et doloribus aut est beatae qui facilis molestias. Reiciendis vero voluptatem perferendis autem aut. Debitis suscipit eos ut vel magni in eius.',0,1,'2004-10-28 11:58:14'),(230,11,59,'Provident sit est qui consequatur sed. Doloremque sapiente sunt at occaecati nisi. Deleniti necessitatibus eos laboriosam nemo velit explicabo.',1,1,'1999-09-13 04:43:42'),(231,20,72,'Consequatur omnis ut voluptatibus suscipit qui atque nobis. Aut voluptate et enim voluptatem. Ut rerum reprehenderit neque dolorum at qui harum.',1,1,'2016-08-03 11:52:06'),(232,94,19,'Dolor consequatur modi totam est ipsa tempore suscipit. Nam numquam error qui reprehenderit tempora alias. Animi sit facilis eos exercitationem repudiandae accusantium.',1,1,'2003-11-23 10:11:43'),(233,30,6,'Doloribus debitis fuga rerum ad nobis voluptas. Accusantium omnis pariatur et. Fugiat vel maiores rerum fugiat commodi et eos explicabo.',1,1,'2008-10-23 08:56:14'),(234,21,68,'Temporibus ad enim enim perspiciatis dignissimos officiis hic ut. Quam ut ea ut quia molestiae velit. Voluptates illum omnis recusandae dolore.',0,1,'2017-04-08 04:58:44'),(235,73,60,'Qui ut aperiam qui dicta pariatur rerum. Ipsam amet quia quod officiis aut.',0,1,'2013-01-22 01:05:55'),(236,14,17,'Ad libero expedita vero deserunt id. Quis libero eum corporis assumenda dolores. Saepe recusandae totam dolorum. Doloremque eveniet necessitatibus unde blanditiis cumque.',0,0,'1996-12-09 09:13:44'),(237,28,52,'Ut incidunt tenetur voluptas sunt similique repellat. Dolorum eum sunt enim rerum perspiciatis. Quos qui dolores sit suscipit officiis tempore eos.',1,1,'1995-11-06 11:40:27'),(238,78,39,'Enim doloribus et accusamus veniam placeat non ea doloremque. Officiis aspernatur voluptas sit rerum odit autem cupiditate aut. Reprehenderit et aut et est dicta necessitatibus harum voluptas. Sunt amet enim molestiae et suscipit cumque quae.',1,0,'1977-04-17 02:13:10'),(239,94,54,'Consequuntur est aperiam iure facere nulla incidunt dignissimos. At itaque in eveniet delectus. Quis qui deleniti quidem non.',1,1,'1973-03-20 12:29:33'),(240,32,56,'Laboriosam voluptatibus praesentium aspernatur qui id provident quidem. Quis quis sed sed iste quaerat et quod. Animi ipsa et mollitia eveniet possimus.',1,1,'1978-02-20 01:52:42'),(241,93,45,'Dignissimos error modi provident tenetur. Magni repellat architecto voluptate voluptas repudiandae error qui.',1,1,'2006-10-16 15:01:19'),(242,8,31,'Officiis aut nulla eum. Asperiores facilis ut laborum adipisci occaecati vitae. Cumque iusto earum et quam molestias.',0,1,'2010-11-03 00:22:18'),(243,6,35,'Dicta ipsam odit omnis sint molestias quod. Alias quis rerum consequatur occaecati cum cum consequatur. Architecto molestias cumque placeat.',0,0,'1985-12-07 08:47:04'),(244,27,27,'Libero dolorem corporis eos ut et. Molestiae iusto delectus voluptates consequuntur eligendi. Enim maxime hic et autem aperiam. Consectetur reprehenderit rerum ab facere molestias.',0,0,'1997-07-11 09:39:14'),(245,39,12,'Veniam nulla corrupti distinctio eius. Nam sit explicabo temporibus consequuntur accusantium. Sequi eligendi maxime repellat corporis ullam sint animi. Aut nam laboriosam rem adipisci reiciendis est quis. Molestiae molestiae animi est eos.',0,0,'1980-05-30 07:59:34'),(246,71,52,'Cupiditate nostrum id rerum error est. Et ut facere error qui quo. Quia aliquid velit voluptatem occaecati ratione veniam et.',0,1,'1975-05-23 16:11:31'),(247,7,7,'Aut ducimus eos et dolor quia nesciunt perspiciatis. Itaque repellendus architecto ut. Sit qui ipsa eum unde nesciunt atque. Est possimus aspernatur laudantium ea tenetur dolores voluptas.',0,1,'1996-09-18 12:22:43'),(248,45,80,'A est accusamus architecto eos et nobis cupiditate. Ad quidem id omnis ipsum at dolorem. Quia explicabo id illo autem nemo ea inventore. Minus eveniet commodi occaecati eaque quaerat quibusdam odio. Nihil assumenda sed voluptas itaque ullam.',0,1,'2006-01-14 01:32:39'),(249,59,86,'Laudantium corporis dolor eaque et consequatur. Consectetur quod nihil nemo nihil voluptatum necessitatibus. Dolor nam voluptas occaecati quisquam saepe. Voluptatem quod nihil minima maiores non rerum.',1,1,'1987-06-08 12:55:11'),(250,95,27,'Quia quia eligendi officia eius earum facilis. Hic et voluptas cumque dolorem.',1,1,'2002-02-04 12:21:10'),(251,58,23,'Sed sunt odio laboriosam aliquid. Omnis tempore omnis ex cupiditate illo voluptates. Quo distinctio dicta velit accusantium. Et qui ut et est sed dolor.',1,0,'1980-04-02 20:59:25'),(252,24,62,'Nesciunt ut aut fugiat repellendus. Veniam rerum fugiat est doloremque alias deleniti quia quia. Quo libero sequi laudantium et. Architecto explicabo temporibus quia repudiandae.',1,1,'1988-06-12 22:27:31'),(253,91,93,'Ipsa sint tenetur neque dignissimos aut. Enim qui reiciendis aliquid omnis voluptatem dolorem. Voluptatibus est odit ipsa enim.',1,1,'1976-10-13 18:49:10'),(254,60,54,'Consequatur voluptatem quo sit ipsa autem consectetur. Corporis dolor ipsam iusto quidem sed. Dolores corporis officia molestias magnam accusamus illo quia.',1,0,'1991-03-10 09:32:48'),(255,83,26,'Voluptatem distinctio sunt quo ipsam enim dolores illo. Eos beatae dolores provident.',0,1,'2009-01-18 05:54:52'),(256,16,30,'Quia et tempore quasi. Dignissimos accusantium non nam in. Nostrum quis libero ut consequuntur veniam fugiat molestias. Et eius saepe vel tempore quis.',1,0,'1983-03-20 20:46:10'),(257,54,47,'Perspiciatis numquam eos et expedita quae repudiandae quia. Ducimus quo dolorem necessitatibus sunt aut. Rerum similique doloremque soluta corrupti corrupti est. Enim labore voluptatem qui dolorem.',1,0,'2015-06-07 09:19:10'),(258,73,70,'Neque dignissimos vel totam magni id adipisci. Perspiciatis quia iure beatae dolorem illum. Dignissimos rerum distinctio quaerat ratione voluptate itaque. Ut dolor occaecati minima.',1,0,'2011-04-26 05:54:07'),(259,39,18,'Officiis natus et tempora hic. Impedit rerum nobis temporibus vel adipisci. Autem aut aut et et ea. Totam placeat consequatur aut rem minus temporibus id. Reprehenderit laboriosam eveniet dolores natus alias.',0,0,'2011-02-19 13:32:04'),(260,27,28,'Qui nisi autem tempora hic repellat. Rerum unde dolorem nulla velit voluptas sit architecto. Ullam temporibus dolorem fugiat dicta facilis sunt. Nam quia architecto maiores explicabo ad velit.',1,1,'1994-03-16 07:53:46'),(261,96,97,'Ratione iusto non eligendi. Corrupti sit sint laborum veritatis ea.',0,0,'1998-04-04 01:48:37'),(262,86,9,'Sed optio eius eum esse quaerat voluptatem debitis. Autem ducimus et rerum ut aut qui ut non. Voluptatem repudiandae quam sint voluptatem.',1,1,'1980-12-29 19:23:48'),(263,18,70,'Asperiores fuga et minus fugit quia ut officia. Id neque sequi odit qui unde eum.',0,1,'2011-12-27 19:38:27'),(264,26,1,'Expedita id eius id id voluptatem odio iusto. Temporibus praesentium aliquam quo deserunt voluptatem rerum deserunt. Inventore voluptates maxime ea voluptatum consequatur omnis.',0,0,'1986-08-12 07:00:50'),(265,34,45,'Quasi reiciendis recusandae sit sunt. Enim aperiam modi qui occaecati in. Est et ea minus ut impedit culpa.',1,0,'1981-01-29 22:18:08'),(266,26,93,'Ex assumenda est tempora quae. Occaecati explicabo sed officia est voluptatem cupiditate et. Dolor distinctio in eos suscipit quia. Fugit consequuntur sint tempore cum qui.',1,0,'2013-08-12 07:24:12'),(267,94,12,'Non ea sint omnis enim. Praesentium ducimus recusandae non ut ratione doloremque. Voluptates eos veritatis quibusdam voluptatem aut delectus ut dolor.',0,1,'1971-07-11 09:38:42'),(268,21,78,'Ut saepe enim qui ut aut commodi tenetur. Sunt eveniet aut qui sit voluptatem asperiores voluptatum. Corporis exercitationem suscipit omnis magnam quia.',0,1,'1994-10-26 14:52:40'),(269,85,70,'Pariatur impedit voluptatem aut nemo deleniti. Eum doloribus velit enim architecto odio quibusdam. Aut alias pariatur eos enim. Velit sit veniam rerum sint omnis.',1,0,'2008-10-03 23:47:43'),(270,40,24,'Deserunt quod necessitatibus sed eligendi possimus itaque accusantium. Qui qui nobis dolore dolor odit eius assumenda. Vel excepturi tenetur veniam et. Dolorem libero eligendi molestiae.',1,0,'1990-11-23 10:03:16'),(271,91,72,'Id deleniti repudiandae consequuntur et quisquam quia voluptas. Non quae sint odit dolore. Quia omnis excepturi facere provident. Asperiores ea blanditiis nihil impedit quis atque et.',0,0,'2011-07-03 15:09:10'),(272,32,75,'Ea aut eum inventore voluptas molestias sunt ea. Dolores et quis ut occaecati enim et illo. Facere rem sed illo dolorem quam.',1,1,'1991-02-07 02:52:45'),(273,24,74,'Magnam error aliquid ullam vel consequatur perspiciatis vel ipsum. Est sunt et numquam ea illo dolores magnam ut. Minus at qui nostrum maxime recusandae qui. Aut sunt dicta qui at sunt.',1,0,'1985-05-30 02:36:26'),(274,78,47,'Porro quas commodi ipsum tempora nisi cupiditate. Dolorem quae nihil ipsam odit. Amet qui a magnam. Soluta quo quia porro totam.',1,1,'1987-04-17 22:13:02'),(275,67,50,'Ex tenetur veritatis enim consequatur fugiat eos. Aliquam aspernatur ipsam aliquid quam. Ad porro ducimus laudantium impedit rerum esse. Aut perspiciatis eligendi animi et ut quibusdam.',0,0,'1991-08-04 21:43:51'),(276,68,72,'Recusandae quo quibusdam suscipit itaque tempora dolorem ipsa. Velit qui unde vitae dolore velit. Dolor dicta sit voluptas quia quia architecto.',1,0,'1979-06-17 03:33:25'),(277,38,7,'Porro perferendis est ut et vero aspernatur sequi. Dolorum id quibusdam optio eum. Minima quidem est nihil pariatur est.',0,1,'1977-04-19 10:05:43'),(278,32,44,'Vel et sint exercitationem nobis quae. Cum provident voluptatibus illum vitae. Facilis iste dolore harum fugit. Est et ut eos tempora.',1,0,'2004-07-29 15:35:35'),(279,49,19,'Reprehenderit cum qui rerum id odit nihil repellendus. Nulla ex cupiditate officia ea quis hic. Sed at sit officiis vitae unde in.',0,0,'2003-03-30 01:57:51'),(280,26,45,'Sit vero et voluptatem dolores optio. Vero aut ex perferendis sit qui qui aliquid velit. Ab maxime deleniti dicta ut laborum ducimus.',0,1,'1973-09-23 14:05:07'),(281,93,22,'Natus iusto eos magni atque ut. Est est maxime accusamus culpa et ipsum. Quasi sunt alias nulla autem atque.',0,0,'1984-08-31 23:25:05'),(282,65,22,'Corporis unde optio consequatur facere modi illo nemo. Maxime qui iure est sint minus consequatur aut. A dolor et neque voluptates quam aut. Sed voluptatum ex ea et consequatur.',1,1,'2005-11-16 14:31:11'),(283,81,98,'Sit vel occaecati error reiciendis rem. Inventore occaecati aut aperiam est. Rem porro molestiae quia. Quibusdam aut ipsum molestiae tenetur illo eum officia.',0,1,'2003-05-28 11:56:54'),(284,98,9,'Repudiandae corrupti error aut officia. Autem inventore rerum voluptas dolorem porro quis magnam. Voluptas accusantium et aut itaque rerum eum sunt. Non et corrupti magnam corporis atque reiciendis.',0,0,'1995-05-21 01:11:09'),(285,96,59,'Hic temporibus voluptatem aliquam nobis ut doloribus. Provident debitis repellendus itaque culpa beatae. Voluptas temporibus ipsa veritatis voluptates corrupti.',0,1,'1970-07-19 22:42:06'),(286,75,82,'Maxime velit quidem sint corporis beatae non. Voluptas pariatur omnis tempora quis et soluta. Aut esse ut est et corporis doloremque iusto ut. Recusandae exercitationem nostrum voluptas quia est et repellat.',1,0,'2012-07-24 20:52:09'),(287,42,56,'Et sequi ad a est ipsam deleniti ut sed. Itaque ipsum aspernatur quod necessitatibus. Facere aut quibusdam animi sunt qui vel dolor voluptate.',1,0,'1999-06-26 13:42:04'),(288,1,16,'Aliquid quibusdam est necessitatibus libero qui. Quis velit ea sunt modi earum nobis. Mollitia similique velit corrupti voluptates voluptatem. Itaque quia deserunt fuga dicta debitis.',1,0,'1986-10-17 11:28:24'),(289,74,37,'Ut delectus tenetur explicabo alias. Quam ex quo odio nulla. Reprehenderit sit quia accusantium consequatur voluptatibus a laboriosam.',1,0,'2003-07-31 01:56:13'),(290,27,93,'Minus nihil rem impedit commodi. Quia minima aliquid et possimus ut quo. Corrupti sint quia labore nobis cumque enim. Voluptatum cumque quas eaque laborum nemo.',0,0,'1981-07-13 07:01:26'),(291,52,71,'Sit perferendis quos incidunt iure ipsam sit consequuntur. Facere ut reprehenderit dolor omnis reiciendis voluptas. Qui qui totam aut asperiores nemo. Omnis aut distinctio aut iure iure.',0,0,'1976-10-30 11:27:54'),(292,59,77,'Facere beatae mollitia sapiente. Est provident maiores accusamus autem. Maxime aut architecto ipsam.',0,0,'2009-06-20 07:41:04'),(293,21,25,'Omnis nihil enim similique laudantium necessitatibus et quia. Similique libero possimus distinctio laborum quia dolorem ex aperiam. Id illum quidem voluptates in fuga dignissimos voluptas. Expedita eius aliquam non dolorum laudantium qui.',0,0,'2011-02-08 23:00:26'),(294,29,35,'Ratione ut ipsam et et optio velit. Ut praesentium odit nihil labore reprehenderit ipsa quia facere. Nihil dolor sequi eius libero ut nostrum sed. Est perspiciatis vel nulla fugiat asperiores fugiat cupiditate.',0,1,'1983-11-14 04:21:31'),(295,23,69,'Dolor assumenda deserunt enim aut odit. Velit pariatur necessitatibus doloribus quis accusamus voluptates.',1,0,'2005-01-21 00:32:09'),(296,93,51,'Impedit corporis qui nihil quas ut a et. Impedit magnam animi dolor consequatur. Accusamus illum est tempore qui et. Fugiat sapiente rerum quis quam. Nam quia atque saepe est.',1,1,'1974-03-10 07:49:27'),(297,78,63,'Voluptas ut qui sunt dolor non similique. Accusamus alias aut quidem iure quis suscipit in. Vel delectus et consequatur eum aut est. Veniam iusto a iste in et molestias.',0,1,'1994-08-25 22:26:47'),(298,10,5,'Nobis est nihil nam corporis nihil. Assumenda sed ipsam beatae et perspiciatis et. Soluta consequatur odio explicabo in.',1,1,'1992-09-25 04:14:34'),(299,65,52,'Et omnis ut voluptatem animi aut. Mollitia et officiis iste molestiae repudiandae aspernatur voluptatem. Est ab accusantium eum amet soluta accusantium nemo.',1,0,'1985-09-26 07:04:56'),(300,98,90,'Harum eligendi a non sit sunt nisi. Ipsa voluptas sunt aspernatur ipsa delectus vero aliquid. Aut illum sit quia eum facere id dolor. Iusto eveniet distinctio molestias eaque minima.',0,1,'1980-01-05 05:22:43'),(301,49,30,'Ut tempore quasi repellat qui dolor atque qui. Quia neque temporibus suscipit qui accusantium velit ea aut. Et veritatis odio placeat optio. Harum quam velit qui officia dolore.',0,0,'1992-01-25 07:12:27'),(302,65,67,'Ullam doloribus delectus amet quod vel. Tempora ut libero quo officia aut et voluptatem. Debitis nemo facere magnam id ea ab natus.',0,0,'2016-02-02 16:28:36'),(303,93,31,'Et voluptatem perferendis dolor ut. Id recusandae repellendus cumque deserunt nemo omnis quia. Totam qui quia totam deserunt accusantium dolores. Iusto aut eos aut.',0,0,'1984-05-01 18:00:00'),(304,3,51,'Ut officiis ducimus et labore. Enim voluptate sed facilis commodi dolorem et aspernatur. Distinctio sit voluptates ratione aut illum saepe libero.',1,1,'2008-03-13 20:13:17'),(305,39,90,'Incidunt quam voluptates est rerum facilis praesentium. Dolore enim voluptatem officia fugiat consequuntur. Modi temporibus vero dolores veritatis esse.',1,0,'1988-03-09 17:23:18'),(306,95,86,'Nemo rerum ut facilis nam eum quae molestiae. Voluptatibus est vitae ea id. Tempore asperiores neque temporibus.',1,1,'1987-07-06 16:41:51'),(307,55,97,'Quae est culpa ducimus est unde ad accusamus. Distinctio repellendus ratione accusantium ipsum voluptatem cupiditate vitae. Ratione hic hic cum omnis. Corrupti qui repudiandae dolore eum incidunt.',0,0,'1974-03-25 08:02:07'),(308,83,14,'Quasi mollitia omnis ullam sit commodi doloribus asperiores. Rerum magni eos quis placeat occaecati. Quaerat cumque qui dolor esse ut. Alias aut molestiae quia velit.',1,1,'2001-12-02 08:35:17'),(309,7,57,'Eos sed eius qui rerum. Rem molestiae quos voluptas dolores voluptate veniam veniam. Omnis cumque et dolor labore voluptas placeat ullam perspiciatis. Possimus autem aut autem ipsam.',0,0,'1971-06-22 15:35:11'),(310,24,67,'Quam eum molestiae sapiente velit consequatur sint iusto. Ad magni et aut aperiam velit beatae. Repudiandae odit nemo numquam omnis quam.',1,1,'1980-01-09 01:57:32'),(311,15,61,'Asperiores dolor non voluptatem dolorem enim magni mollitia natus. Veniam vel et magnam id architecto dolor molestiae inventore. Aut enim magni saepe voluptatem debitis qui. Consequatur facere impedit excepturi aut sint quidem necessitatibus.',1,1,'1998-10-06 22:12:40'),(312,92,30,'Exercitationem eaque doloribus unde quos. Vel quia exercitationem dolores tenetur doloremque blanditiis. Harum id aut sit et consequatur et dignissimos.',0,0,'2007-09-01 15:49:27'),(313,86,27,'Dicta laboriosam repellendus ut nostrum amet ut est. Et deleniti laudantium accusamus aliquam. Cumque quae et hic commodi molestias. Esse quod quas eum omnis sed reprehenderit et dolorem.',1,1,'1987-01-14 17:58:57'),(314,61,39,'Qui adipisci ad sed quam temporibus sed officiis. Fugiat laborum molestiae maxime voluptatem enim dolores laborum. Nostrum quo dicta ratione occaecati ratione beatae. Et et modi ut.',1,0,'1972-06-13 05:13:06'),(315,11,100,'Recusandae officia ipsum velit dolorum magnam provident. Aliquid dolores placeat assumenda et fugiat vero debitis doloribus. Distinctio quaerat explicabo dolorem enim est voluptatibus.',1,0,'2006-11-30 16:23:40'),(316,87,11,'Harum modi rerum aperiam magnam similique exercitationem. Veritatis exercitationem dolor molestias itaque reiciendis fugiat. Dolorem alias quaerat nam officiis qui quasi.',1,1,'1980-01-06 23:09:09'),(317,84,73,'Eum mollitia voluptatum eaque. Vel dolor ea dolorum vel error. Nam quaerat hic recusandae impedit iure totam.',0,0,'1971-04-22 21:15:43'),(318,85,78,'Culpa et nulla quia quo nam sunt voluptatem. Ad quod ullam dolor aut.',0,1,'1989-03-13 05:00:58'),(319,73,87,'Qui rem officia optio in aut omnis. Corrupti iusto et repellat minima id cum. Ipsum explicabo et amet tempora enim rerum adipisci. Enim autem sit est natus repellendus dolor. Ipsum enim quae sunt porro veritatis et.',0,1,'1993-07-04 02:09:12'),(320,3,35,'Reiciendis est delectus et explicabo qui quia ipsum. Esse velit ex natus facilis adipisci. Omnis provident ea quod repellat libero tenetur aut aut. Animi voluptatum eius excepturi esse non.',1,0,'2012-05-16 22:45:49'),(321,67,60,'Aut quaerat dolores ut consectetur quis perferendis ullam. Porro est consequatur rerum voluptatem eius atque distinctio. Architecto id explicabo dolor rerum. Atque in quia eum.',1,0,'1978-04-22 04:24:10'),(322,22,91,'Voluptatibus magni quia adipisci sit unde ipsa in quidem. Maxime iure voluptatem corrupti fugit corrupti harum. Consequatur rerum ea adipisci quia esse.',0,0,'1971-04-02 09:36:46'),(323,13,14,'Sit omnis animi dolores quia nesciunt. Molestias reiciendis commodi pariatur sunt. Reprehenderit ad ducimus hic dolorum.',0,1,'2004-06-29 15:33:07'),(324,33,22,'Voluptatem omnis labore molestias cupiditate provident labore. Commodi quaerat quisquam quos velit. Minima sint et ex iure rerum dicta. Quisquam nulla quis et voluptatibus eos quis excepturi.',0,1,'1985-08-10 05:10:53'),(325,97,82,'Amet modi dolores voluptas officia qui. Asperiores qui repellendus amet quas. Reiciendis voluptatem temporibus quidem voluptate consequatur sunt.',1,0,'1988-07-05 09:40:54'),(326,16,92,'Eius voluptatem reprehenderit occaecati distinctio et omnis itaque nihil. Dolorem provident et quisquam non et. Aut harum sed magnam in.',0,1,'2010-01-17 22:19:23'),(327,9,20,'Non labore aliquam iste laboriosam laborum illum voluptatum est. Debitis et est quam laudantium quis sint optio. Eos qui mollitia odio enim voluptas. Optio adipisci saepe nostrum alias assumenda qui.',1,0,'1977-04-04 05:04:59'),(328,20,40,'Et voluptas est eum veritatis. Quasi quaerat et iusto. A velit doloribus eligendi. Quos eos vel est excepturi sunt.',1,1,'1970-07-28 17:33:32'),(329,34,70,'Deserunt non repellendus quidem earum reiciendis quia. Debitis nostrum natus eos illo repellendus voluptas. Voluptatem sequi provident similique ratione sint qui sapiente voluptatum. Adipisci sunt dicta consequatur fugiat provident aperiam quibusdam.',1,0,'2010-07-15 06:21:59'),(330,40,81,'Porro eum aliquid quia ut molestiae delectus id aut. Ab porro repellat incidunt et. Totam est ipsam culpa consectetur iusto.',1,0,'1993-12-21 13:35:44'),(331,69,53,'Incidunt vitae labore est reprehenderit minima perspiciatis et illo. Reprehenderit provident libero blanditiis voluptatem commodi animi provident vero. Nesciunt itaque quibusdam et error enim quos ipsa. Consequatur velit sunt dicta fugit autem similique provident.',0,1,'1989-11-15 05:26:08'),(332,44,63,'Sed similique excepturi earum consequatur. Recusandae velit alias rerum magnam et. Ab aut eum repellat et. Asperiores alias in culpa odit occaecati odio.',0,1,'1973-01-14 20:49:39'),(333,83,84,'Natus ducimus totam quis dolor velit sequi. Deleniti tenetur iste est et itaque inventore. Aut dicta quis nulla qui voluptates dolorem quis.',1,0,'1980-03-01 08:46:18'),(334,83,79,'Molestias nulla officia alias est. Quia consequatur dolorem qui molestiae error similique necessitatibus. Inventore perferendis quia sapiente sint ab pariatur voluptatem.',0,0,'1970-05-24 21:18:49'),(335,92,10,'Et quaerat minima ut fuga ducimus beatae aut. Cupiditate et aut sit numquam. Aut deserunt asperiores facere voluptatibus quisquam voluptas sunt. Earum rerum quo accusamus ut pariatur.',0,0,'1978-06-26 12:26:43'),(336,44,39,'Est quasi consequuntur a voluptas qui harum perspiciatis. Quia itaque reiciendis veritatis. Eveniet odio omnis rem.',0,1,'1999-09-10 17:45:17'),(337,73,30,'Dignissimos et voluptas voluptas nihil commodi. Quam doloremque ut tempora deserunt. Officia occaecati voluptas a commodi. Rerum officiis et est sequi sint.',1,1,'2015-09-09 04:18:53'),(338,93,20,'Ut est quas facere alias similique minima. Est illo placeat assumenda esse nobis. Omnis et facere porro officiis. Voluptatem voluptas sunt aliquid consectetur et et eum eius.',0,0,'1997-04-24 15:59:03'),(339,77,82,'Blanditiis molestiae eum nihil veniam unde. Officia saepe quam sed corporis accusantium. Assumenda quos modi nihil optio iste.',1,0,'1978-07-17 07:23:10'),(340,56,81,'Fugiat voluptatem perferendis nihil ducimus voluptatum ut et. Et nihil id vitae ratione blanditiis in reiciendis. Omnis temporibus ex voluptatum eaque eaque ad. Voluptas dolores suscipit quia porro praesentium et aliquid. Quo voluptatem voluptatem molestiae est molestiae dolor illum.',0,1,'2019-02-08 18:10:41'),(341,70,51,'Eaque dolor ut amet est impedit asperiores eum. Ut at alias voluptas aliquam dolores dolor. Dolor blanditiis placeat alias et. Aut a reprehenderit ipsum. Facilis voluptate animi magnam et ipsa.',1,1,'1995-01-25 18:52:17'),(342,1,21,'Quasi aut expedita ullam praesentium iusto numquam. Ea suscipit et fuga et est consequuntur. Voluptas consequuntur nisi asperiores eaque et a eum rerum. Earum voluptatem amet cupiditate et blanditiis numquam omnis rerum.',1,0,'1979-01-27 09:14:28'),(343,88,30,'Odio non laborum animi. Et ipsam deleniti voluptas culpa veritatis qui. In assumenda perferendis quaerat non quo praesentium. Aspernatur minima quia saepe ab iste et amet. Non doloribus qui voluptas numquam eius.',1,0,'1997-08-21 20:20:13'),(344,87,29,'Non totam laborum quisquam ut. Ea placeat commodi nulla quis voluptatem. Ut cupiditate possimus dolorem ut tempora ea ut. Odit accusantium voluptatem quis explicabo numquam doloremque delectus esse.',1,1,'1973-03-28 22:50:13'),(345,41,65,'Officia quod sunt perferendis delectus aut. Repellendus amet saepe et quam consequatur sint aliquam. Tempora repellendus ullam culpa.',1,1,'1972-07-07 04:18:23'),(346,57,80,'Porro corporis et quas dignissimos nam excepturi. Dolores libero quia eos consectetur. Nulla non error est aut optio.',1,1,'1976-01-20 23:12:51'),(347,48,64,'Ad voluptatem necessitatibus sed dolore numquam officiis. Ducimus ad voluptatem itaque quibusdam id. Cupiditate modi vitae qui ex nam culpa.',1,1,'1975-06-17 11:37:28'),(348,82,21,'Dolores aut et non aut est perspiciatis. Corrupti qui velit cumque quam ratione ea. In deserunt totam soluta. Inventore et est enim dolorum.',1,1,'1977-02-22 12:07:10'),(349,68,12,'Tempora quae maxime quibusdam ipsum. Non sit et itaque voluptas cum sed. Id eum esse aliquid quia beatae.',0,0,'1998-11-13 08:06:26'),(350,44,69,'Minus vero voluptatem saepe magnam alias exercitationem voluptas. Quaerat eveniet quasi dolor. Quibusdam officia minima ea suscipit eius consequuntur perspiciatis. Ab perferendis saepe libero et et.',0,0,'1980-11-16 10:11:17'),(351,56,79,'Ipsum possimus provident architecto inventore beatae facilis. Illum recusandae beatae sed. Minus saepe veniam consequuntur totam autem quo voluptatem et.',0,1,'1973-04-18 09:00:59'),(352,67,87,'Tempore quaerat non dolores illo. Assumenda quo repellat ipsum eos. Quasi eius debitis quia veniam fuga eum voluptatum. Explicabo qui ratione quia deserunt perferendis assumenda omnis eos. Quia accusantium doloribus consequuntur dolor odit architecto.',1,1,'1991-07-22 15:45:58'),(353,15,57,'Ut libero accusamus magnam eum fugiat aliquam pariatur. Dolore minima delectus odit ipsum. Illum quia laborum ut. Et qui quia sapiente at tenetur.',0,1,'1979-12-08 09:57:14'),(354,63,76,'Nihil molestiae est reiciendis deserunt. Est ut culpa numquam maiores. Aut nihil veritatis provident ea enim recusandae. Deserunt alias ipsam veniam.',0,1,'1974-02-10 08:49:30'),(355,37,53,'Occaecati omnis et ratione dolor consequatur repellat similique. Est consequatur animi alias officia natus qui. Minus sed itaque id magni sed illum fugiat. Praesentium unde non repellat accusantium ipsum est. Nemo omnis est et velit id aperiam ex.',0,1,'2002-02-28 09:36:04'),(356,70,75,'Aliquid et deserunt ad veritatis et sunt. Dolorem in earum quod saepe consectetur eligendi dolores.',0,0,'1975-09-06 06:37:47'),(357,75,45,'Sit necessitatibus blanditiis adipisci dolorem delectus. Et aut nobis ad vel recusandae. Quidem dolorem repudiandae aut ullam vitae dolores fugit.',1,0,'2018-06-10 10:10:32'),(358,28,11,'Aliquid voluptatum cum libero repellendus quasi. Modi qui fugiat tempora odit. Et occaecati aliquid id facilis iusto natus.',1,0,'1983-07-20 17:35:20'),(359,43,84,'Eveniet eum maiores ut neque quod qui veritatis ut. Et odit itaque doloremque dolores aliquid. Odio fuga aut qui voluptas facere ea consequatur qui.',1,1,'1989-01-18 07:53:38'),(360,55,46,'Beatae corrupti aut quia voluptatem a aliquam. Adipisci aut hic in iure harum ex aliquam. Quae non accusamus quia.',1,0,'1974-02-08 07:27:54'),(361,97,96,'Sit nihil sit totam nam praesentium. Quibusdam officiis accusantium est. Maiores dicta dolores dicta in.',0,0,'2017-02-08 04:28:36'),(362,59,23,'Illum culpa fugit rerum. Architecto cumque sunt laborum. Molestiae dolorum quaerat saepe hic optio cupiditate quia odit.',1,1,'1980-09-18 17:49:12'),(363,82,20,'Fuga doloribus soluta soluta sunt commodi neque veniam. Ipsa doloremque ullam tempora alias quia. Sit sed unde iusto veniam est voluptates repudiandae.',1,1,'2008-12-22 10:04:50'),(364,84,12,'Eum recusandae ad consequatur sint perferendis. Aliquid illum eius illo sed quae et. Hic totam sint sit commodi autem dignissimos voluptatibus at.',0,0,'1976-04-14 23:59:42'),(365,100,20,'Consequuntur id alias quisquam. Perspiciatis omnis autem ducimus sint non. Consequatur modi quisquam dolor optio ut.',0,1,'1975-03-16 00:25:57'),(366,16,18,'Voluptas ipsa labore repellat harum et optio. Quod natus qui exercitationem unde et inventore adipisci. Ut deleniti qui officiis explicabo ea qui. Odio soluta debitis corrupti est rem.',1,0,'1971-07-10 05:26:20'),(367,49,30,'Non exercitationem omnis animi similique aperiam. Non occaecati sit vitae consequatur sunt. In ut ea in accusamus praesentium.',1,0,'2002-02-06 17:03:34'),(368,24,78,'Modi dolore voluptatem magni. Et blanditiis doloribus praesentium ut voluptatibus quis. Nobis eum enim adipisci qui.',0,1,'2015-05-27 11:46:33'),(369,67,75,'Sint velit necessitatibus perferendis harum est temporibus qui. Debitis qui delectus consequatur aspernatur iusto delectus. Cum iure porro sapiente maxime dolorem at rerum.',1,1,'1984-10-03 22:29:22'),(370,92,91,'Eligendi animi accusantium blanditiis nobis qui. Ut beatae et eaque expedita qui qui illum earum. Natus sint rerum reiciendis asperiores et provident voluptatem.',1,1,'1991-09-12 04:38:35'),(371,20,83,'Qui delectus hic impedit natus ducimus. Omnis repellat veritatis et et voluptatum autem aperiam. Quis deleniti nobis quis eos et accusantium tempora.',1,0,'1993-12-30 04:21:43'),(372,75,12,'Distinctio facilis voluptate officia. Possimus voluptates sunt ad iste. Est quaerat voluptatem cupiditate animi iusto id.',1,0,'1992-03-21 16:35:51'),(373,62,47,'Aspernatur qui ipsam laborum inventore sequi est. Suscipit atque consequatur iste. Magni provident veniam enim eum aperiam. Perspiciatis qui aut minima dolores blanditiis.',0,0,'2018-04-30 09:38:08'),(374,3,2,'Dolores sit enim sit deserunt. Consequatur eum ut voluptatem ipsum quia odio. Voluptates commodi et natus nostrum accusantium.',1,1,'1972-03-27 13:33:30'),(375,60,19,'Et doloribus et et. Laudantium quia soluta maxime ut quaerat. Tenetur quas est voluptas ipsum dolor.',1,0,'2004-09-22 06:32:46'),(376,35,22,'Voluptatem soluta rerum quasi quos voluptatibus dolore laboriosam. Voluptate debitis quisquam qui non doloremque quae. Consequatur id pariatur temporibus voluptatem.',1,1,'1986-06-23 05:01:45'),(377,97,66,'Iure et alias amet ipsam eveniet qui molestias. Inventore pariatur maiores sequi perspiciatis in iure expedita. Minima reprehenderit id suscipit asperiores incidunt recusandae error harum.',0,0,'2013-12-08 21:48:06'),(378,87,52,'Corrupti expedita a maxime necessitatibus nobis aut deserunt autem. Aut ut rerum eligendi illo accusamus magni iure nostrum. Nihil quaerat autem fugit consequatur non aspernatur similique. Recusandae placeat sit commodi itaque quis. Neque quia ipsam quidem enim nihil odio.',0,0,'2019-01-20 01:14:02'),(379,57,25,'Et exercitationem odit sunt fugit distinctio incidunt. Voluptas odio dolorem nisi ut sit itaque. Doloribus quibusdam exercitationem est iusto porro error quasi.',0,0,'2006-02-02 22:09:10'),(380,88,56,'Dolores facilis quod earum sed iste quidem natus. Aut aut consectetur placeat ex. Facere nihil commodi sed consequuntur sed similique quia.',0,1,'1970-12-10 02:22:27'),(381,38,79,'Labore est consequuntur rerum qui unde aut. Praesentium aperiam adipisci iste reiciendis at. Sequi nisi aperiam modi exercitationem iste aut quasi ut.',1,0,'1973-12-09 02:57:27'),(382,62,48,'Iure quis similique tempora animi enim quod facilis. Qui ut corporis non voluptates. Eum numquam velit quidem autem.',0,0,'2004-05-28 19:01:40'),(383,19,96,'Sint possimus voluptatem error. Molestiae possimus et praesentium et. Officia quidem architecto eaque maxime. In error nostrum beatae magnam.',1,1,'1991-09-14 20:31:07'),(384,29,54,'Mollitia est porro dolores dolorem itaque dolore. Maiores tenetur quae sint id quos. Quisquam temporibus et deserunt nihil blanditiis in. Inventore accusantium quo eveniet non qui veritatis.',1,0,'1998-11-25 15:23:39'),(385,64,76,'Corporis et dolores ut consequatur temporibus et. Libero nisi nemo hic recusandae nobis vero repellat expedita. Et dolor eum est veritatis at voluptas molestiae. Voluptatem nemo molestias consectetur.',0,0,'2011-01-09 21:52:48'),(386,67,21,'Fuga sint iusto minus vero ipsum modi. Rerum aut quis quia architecto labore vel totam. Aut sed numquam nemo omnis pariatur odit quisquam.',0,1,'1972-01-04 08:22:23'),(387,42,95,'Esse et rem officiis et quas totam non. Aut deleniti enim unde iusto ea. Tempore magnam temporibus est praesentium distinctio consequuntur voluptates. Aut blanditiis nam voluptatem tempore omnis perspiciatis est.',0,1,'2019-09-23 07:45:52'),(388,93,26,'Deleniti voluptatibus quisquam dicta similique aut. Laudantium optio omnis ut adipisci voluptatum.',0,0,'2012-04-11 03:11:37'),(389,34,58,'Officia dolor et et accusamus dolore est sint. Consequatur ab nulla facere ex. Fugit voluptatem necessitatibus incidunt itaque.',1,1,'2006-05-04 01:49:29'),(390,5,36,'Numquam dignissimos eos dicta in maiores autem. Eaque enim libero veritatis aut et blanditiis. Fugit quia nemo repudiandae quis voluptas et. Quam consectetur ad dolore ea qui voluptas deleniti.',1,0,'2006-12-26 03:04:49'),(391,5,87,'Cum consequatur non odit mollitia voluptatibus sunt. Omnis quis similique ullam dolores vel pariatur.',0,1,'2010-06-16 03:11:25'),(392,30,22,'Quae modi ea sit et laborum sed quo labore. Nemo aperiam possimus aperiam aspernatur. Autem optio totam est aut.',0,1,'1980-08-13 15:58:47'),(393,3,13,'Eius et officiis omnis voluptate voluptatem delectus sunt. Reiciendis vitae qui aut minima facilis repellendus aperiam totam. Non et et deserunt qui id sapiente. Aut maiores reprehenderit hic soluta modi quisquam.',0,0,'2010-10-02 22:31:14'),(394,41,74,'Facere provident omnis optio molestiae dolores. Fuga delectus exercitationem ut et. Dolor alias est vel sit culpa aliquam. Nisi soluta velit voluptatibus et delectus.',1,0,'2013-04-10 20:38:50'),(395,27,15,'Quis omnis laudantium occaecati et voluptas optio. Quam sed ratione voluptatum sed.',1,0,'2016-09-26 11:18:13'),(396,97,48,'Assumenda nisi magnam et. Quas qui cumque accusamus perferendis dolorum. Quas molestias ipsam quis. Dolorem impedit non quaerat ipsa.',1,0,'2017-07-24 11:25:45'),(397,33,75,'At tempore exercitationem qui libero sint aut. Et quidem quae et sunt magni quae praesentium natus. Nisi voluptatem possimus nisi provident. Quaerat in quam veniam quo.',1,0,'2019-08-04 10:16:08'),(398,69,76,'Perspiciatis vero aliquid alias qui officia. Ipsum debitis at dolorum. Ipsam molestiae fugiat cum libero dolores sapiente minus. Voluptas suscipit quas aliquid consequatur provident et.',1,0,'2012-02-23 09:55:49'),(399,58,49,'Modi et quia consequuntur velit. Iure aliquid placeat nostrum animi et doloribus id. Voluptatem nam sed culpa culpa laboriosam sunt et. Enim incidunt et quaerat animi nostrum. Praesentium ut inventore nostrum accusamus minima nostrum molestiae asperiores.',1,1,'2016-11-20 01:19:39'),(400,68,100,'Dolorem ab non incidunt officia sit inventore quisquam. Et cum id quasi ullam dolorum.',0,0,'1970-05-23 05:49:07');
/*!40000 ALTER TABLE `messages` ENABLE KEYS */;
UNLOCK TABLES;

--
-- Table structure for table `profiles`
--

DROP TABLE IF EXISTS `profiles`;
/*!40101 SET @saved_cs_client     = @@character_set_client */;
/*!50503 SET character_set_client = utf8mb4 */;
CREATE TABLE `profiles` (
  `user_id` int(10) unsigned NOT NULL,
  `sex` char(1) CHARACTER SET utf8 COLLATE utf8_unicode_ci NOT NULL,
  `birthday` date DEFAULT NULL,
  `hometown` varchar(100) CHARACTER SET utf8 COLLATE utf8_unicode_ci DEFAULT NULL,
  `photo_id` int(10) unsigned NOT NULL,
  PRIMARY KEY (`user_id`)
) ENGINE=InnoDB DEFAULT CHARSET=utf8 COLLATE=utf8_unicode_ci;
/*!40101 SET character_set_client = @saved_cs_client */;

--
-- Dumping data for table `profiles`
--

LOCK TABLES `profiles` WRITE;
/*!40000 ALTER TABLE `profiles` DISABLE KEYS */;
INSERT INTO `profiles` VALUES (1,'f','1970-09-03','Rosenbaumtown',29),(2,'m','1973-01-29','Waldofurt',14),(3,'m','2019-04-07','Cummingsside',34),(4,'m','1971-07-28','Lake Darian',46),(5,'m','1990-01-08','Murrayberg',90),(6,'f','1985-05-27','Ratkeview',94),(7,'f','2019-10-31','Morissettechester',1),(8,'f','2012-06-30','Lake Filomenafort',45),(9,'m','1997-12-23','North Elwyn',45),(10,'m','2003-01-20','Koeppmouth',98),(11,'f','1993-09-23','Merrittstad',65),(12,'m','1987-11-26','South Garrisonburgh',62),(13,'m','2006-09-11','Broderickville',64),(14,'m','2003-05-14','New Hazelland',50),(15,'m','1998-06-30','Milfordport',58),(16,'m','2011-08-22','Port Cicero',88),(17,'m','1983-01-02','Vonland',33),(18,'m','2008-10-22','New Vallie',98),(19,'m','1978-04-29','East Ayanashire',60),(20,'f','1983-10-06','Port Garlandmouth',88),(21,'f','1995-07-26','South Jacintoberg',14),(22,'m','2019-09-27','Joshland',38),(23,'m','1996-10-23','West Madisen',91),(24,'m','1974-05-23','Bechtelarbury',18),(25,'m','2016-09-17','Effertzfurt',81),(26,'f','1970-02-21','Ernestoborough',62),(27,'f','2011-04-17','West Connermouth',71),(28,'m','2011-09-01','North Monique',97),(29,'f','1973-08-12','Montyville',21),(30,'m','1977-10-13','Marielaburgh',65),(31,'f','2019-03-11','Claudeborough',90),(32,'m','1982-07-18','Lake Dayne',99),(33,'m','1997-07-04','Lake Willy',2),(34,'f','2009-10-03','Veummouth',32),(35,'m','2013-11-02','North Jermeyton',17),(36,'m','1972-10-05','Cadenville',98),(37,'f','1995-09-18','New Chanelleborough',83),(38,'m','1993-10-28','Schoenside',17),(39,'f','1982-01-11','Lindgrenmouth',56),(40,'f','1974-04-09','Simonisberg',46),(41,'m','2015-05-16','Kreigerfort',59),(42,'m','1994-11-05','Lake Josie',66),(43,'f','1974-11-20','Deionside',84),(44,'f','1986-07-11','North Sydneeshire',72),(45,'m','2007-03-06','Port Whitney',9),(46,'f','1989-12-08','North Anastacio',25),(47,'m','1999-03-05','Lake Wilfredo',72),(48,'m','1975-06-14','Juwanshire',63),(49,'m','1988-02-02','Lake Kenyaside',53),(50,'f','2006-05-01','New Danielafurt',12),(51,'m','2007-01-08','Susieland',27),(52,'f','2005-09-27','Port Carmella',21),(53,'f','1976-10-27','Juliannebury',71),(54,'m','1972-02-25','Finnport',27),(55,'f','1997-12-17','Hahnstad',5),(56,'f','1992-09-10','Juneburgh',92),(57,'f','2013-08-29','West Patrick',79),(58,'f','1972-12-27','Leolafurt',42),(59,'m','1976-08-07','Jodiefurt',89),(60,'f','1992-11-29','Lakinburgh',36),(61,'f','1988-06-16','Lake Rocioville',88),(62,'f','2001-09-12','Feilview',39),(63,'f','2006-10-15','North Benny',6),(64,'f','1977-07-28','South Ceciliaport',9),(65,'f','1990-08-30','North Everetthaven',26),(66,'f','1978-01-29','Brennaton',45),(67,'m','1989-03-24','Williamfort',48),(68,'f','2008-04-04','New Gabeville',23),(69,'f','1971-12-08','Lake Serena',47),(70,'f','2018-12-13','Ortizmouth',14),(71,'m','2000-03-29','Hudsonport',72),(72,'m','1998-02-17','North Josephineland',72),(73,'f','1974-07-21','East Buford',13),(74,'f','1976-01-24','New Myrtie',84),(75,'m','2000-07-14','Quitzonside',66),(76,'m','2013-11-28','East Boris',46),(77,'f','2016-02-27','Cummerataville',96),(78,'m','1980-08-28','South Heavenside',32),(79,'m','1999-11-05','Beahanstad',21),(80,'f','2018-09-09','New Cecil',55),(81,'m','1997-11-22','Lake Alexandrinetown',76),(82,'f','1997-12-01','Louvenialand',14),(83,'f','1998-03-31','Lake Rollin',59),(84,'m','1983-12-18','Lake Korey',86),(85,'m','1975-03-25','South Janaehaven',71),(86,'m','1976-02-04','South Wava',9),(87,'f','1982-06-03','Torpstad',4),(88,'f','1970-05-04','New Herbert',85),(89,'m','2014-02-10','East Savanahhaven',86),(90,'m','2012-07-01','Hettingerport',28),(91,'m','2019-05-12','Doyleshire',82),(92,'m','1985-09-12','North Jammie',50),(93,'f','1986-08-22','Jerdebury',1),(94,'m','1978-05-23','Rennerside',35),(95,'f','2006-08-27','New Aliviastad',77),(96,'m','1975-06-01','Boscomouth',8),(97,'m','1979-04-18','Abshirechester',72),(98,'m','2009-04-24','New Margaretland',74),(99,'f','1983-07-22','Port Willard',51),(100,'m','1977-02-26','Lake David',94);
/*!40000 ALTER TABLE `profiles` ENABLE KEYS */;
UNLOCK TABLES;

--
-- Table structure for table `users`
--

DROP TABLE IF EXISTS `users`;
/*!40101 SET @saved_cs_client     = @@character_set_client */;
/*!50503 SET character_set_client = utf8mb4 */;
CREATE TABLE `users` (
  `id` int(10) unsigned NOT NULL AUTO_INCREMENT,
  `first_name` varchar(100) CHARACTER SET utf8 COLLATE utf8_unicode_ci NOT NULL,
  `last_name` varchar(100) CHARACTER SET utf8 COLLATE utf8_unicode_ci NOT NULL,
  `email` varchar(150) CHARACTER SET utf8 COLLATE utf8_unicode_ci NOT NULL,
  `phone` varchar(12) CHARACTER SET utf8 COLLATE utf8_unicode_ci NOT NULL,
  `created_at` datetime DEFAULT CURRENT_TIMESTAMP,
  `updated_at` datetime DEFAULT CURRENT_TIMESTAMP,
  PRIMARY KEY (`id`),
  UNIQUE KEY `email` (`email`),
  UNIQUE KEY `phone` (`phone`)
) ENGINE=InnoDB AUTO_INCREMENT=101 DEFAULT CHARSET=utf8 COLLATE=utf8_unicode_ci;
/*!40101 SET character_set_client = @saved_cs_client */;

--
-- Dumping data for table `users`
--

LOCK TABLES `users` WRITE;
/*!40000 ALTER TABLE `users` DISABLE KEYS */;
INSERT INTO `users` VALUES (1,'Lula','Stark','chelsey.feil@example.net','(192)374-818','2000-11-15 16:31:04','2010-10-12 02:41:50'),(2,'Sally','McCullough','qsanford@example.org','1-525-985-04','1972-12-14 01:09:59','1986-08-22 07:02:40'),(3,'Libbie','Romaguera','neil78@example.com','397.690.3042','2000-04-01 10:54:08','1985-07-27 10:51:08'),(4,'Valentin','Dach','gunner.streich@example.org','1-616-376-42','1999-09-18 04:15:48','1982-12-05 05:31:56'),(5,'Theresa','Block','scotty97@example.org','525.948.4891','2009-09-03 23:52:39','1989-11-26 17:23:06'),(6,'Jacques','Bradtke','wendy.boyle@example.org','(621)393-853','1996-07-18 20:59:12','2001-01-23 19:13:10'),(7,'Shad','Mayer','neal.raynor@example.net','361.727.5453','1984-08-18 13:31:52','2015-11-30 08:35:38'),(8,'Meda','Fisher','mae.reinger@example.net','554.615.9235','2019-04-08 16:12:39','1996-12-10 05:12:33'),(9,'Alexzander','Brakus','jillian42@example.net','280.702.5696','1986-03-16 06:17:04','1996-12-12 14:21:59'),(10,'Melisa','Gulgowski','kkertzmann@example.com','+09(5)199824','2019-08-03 11:15:35','1990-08-05 05:35:24'),(11,'Linda','Goodwin','gleichner.jaquan@example.net','09849062763','2011-03-23 17:49:18','1979-08-02 07:56:04'),(12,'Maudie','Kihn','brown.jamie@example.org','239.798.3351','1995-12-29 15:44:03','2014-02-17 19:58:11'),(13,'Linnie','Hoeger','spacocha@example.org','02473172015','1986-04-30 04:03:58','1999-08-11 10:35:37'),(14,'Mae','Purdy','eliseo.blanda@example.net','688.613.4132','2001-12-03 17:57:07','1981-03-19 15:52:42'),(15,'Cooper','Mueller','sherman27@example.com','08300429252','1994-11-14 23:37:07','1970-10-12 01:34:09'),(16,'Floy','Graham','xkemmer@example.org','1-091-062-40','1993-07-09 15:50:53','2013-07-28 12:57:02'),(17,'Mittie','Ebert','louie60@example.net','895.403.1235','2000-04-09 05:36:09','2009-04-16 18:55:40'),(18,'Morgan','Sawayn','grimes.jorge@example.net','1-344-529-04','2001-09-10 17:29:22','1989-01-16 03:56:11'),(19,'Darby','Wehner','cruz.stracke@example.com','999-651-5191','1992-03-14 20:37:47','2008-01-20 13:23:50'),(20,'Ila','Ernser','richmond27@example.net','236-145-2586','1985-04-03 18:35:41','1991-07-11 10:31:30'),(21,'Roslyn','Brown','sarina.wiegand@example.net','390.123.5147','2000-10-04 21:27:26','1989-03-27 16:49:05'),(22,'Kelsie','Herman','barrows.nathaniel@example.com','247.571.8767','2016-12-26 21:49:25','1995-07-09 23:09:14'),(23,'Althea','Trantow','stanton.aiyana@example.net','(807)712-072','1975-08-03 13:28:03','2004-05-14 18:05:16'),(24,'Jadon','Strosin','meghan.schuster@example.com','155-987-6218','1977-11-02 12:49:20','1983-06-14 19:51:56'),(25,'Jett','Weimann','ferry.mohammed@example.org','(811)120-661','1975-09-11 07:41:53','1999-06-08 03:09:01'),(26,'Tyra','Leannon','howell.effertz@example.net','380.483.7173','1998-01-17 04:52:26','2019-04-30 18:38:01'),(27,'Maynard','Zboncak','cicero47@example.com','+62(4)752972','2006-05-17 03:37:42','1971-11-29 03:59:41'),(28,'Carley','Morar','kertzmann.rasheed@example.net','+62(6)796984','2010-01-06 17:42:50','2006-10-07 12:44:33'),(29,'Samantha','Hane','jbernhard@example.net','1-841-978-53','1991-09-17 17:13:35','2005-09-02 05:04:01'),(30,'Danielle','Lynch','marielle.haley@example.com','823-893-2010','2016-07-03 23:56:13','1976-03-08 23:51:00'),(31,'Bobby','Stracke','constance37@example.org','(534)978-484','2014-11-10 19:42:10','1978-03-23 15:21:10'),(32,'Greyson','Homenick','emelia66@example.com','09458257839','2012-03-13 15:51:41','1998-06-14 19:02:18'),(33,'Polly','Wyman','llewellyn.beer@example.net','211.755.2378','2016-09-20 23:11:16','1977-02-17 16:02:50'),(34,'Dean','Padberg','mable28@example.com','(305)130-584','1998-10-09 07:08:58','2002-10-06 20:53:09'),(35,'Nolan','Pollich','rowe.dorris@example.net','154-773-8591','2016-04-26 09:28:00','1994-02-13 03:19:06'),(36,'Maida','Upton','krystel39@example.com','204.540.9385','2015-05-17 02:02:45','2019-04-02 02:27:05'),(37,'Lamont','Cartwright','francisca06@example.com','(873)870-522','1987-03-26 20:51:51','2003-11-20 13:40:35'),(38,'Gabriel','Zulauf','taylor.kreiger@example.org','(322)935-046','1997-12-17 21:54:57','2001-06-03 13:23:24'),(39,'George','Batz','cstrosin@example.com','361.481.1473','1992-07-05 20:49:38','1970-02-27 08:45:52'),(40,'Tabitha','Homenick','rowe.charlene@example.net','(304)438-339','1985-06-09 02:03:28','1974-05-21 08:05:54'),(41,'Halle','Eichmann','mozelle55@example.net','(723)737-985','1974-04-24 08:35:34','2005-01-11 23:57:23'),(42,'Darian','Schamberger','cormier.trinity@example.com','00037913858','2006-01-07 14:03:42','1981-02-06 22:28:00'),(43,'Alfonzo','Walter','lelia66@example.org','962.003.4660','2019-07-15 09:16:31','1985-08-28 22:44:35'),(44,'Michele','Dare','wolf.pansy@example.net','434.394.9082','1983-02-20 20:06:46','2003-11-23 12:13:57'),(45,'Maxie','Ruecker','ifranecki@example.org','(481)550-699','1993-08-15 08:37:10','1976-11-24 21:19:42'),(46,'Roma','Bins','alfonso.kassulke@example.com','09635803506','2007-06-19 03:37:54','1982-11-02 23:22:48'),(47,'Daron','Crist','laverna92@example.net','+28(5)853879','2000-12-19 18:41:25','1998-05-30 10:06:10'),(48,'Wilma','Osinski','ekulas@example.com','576.041.1809','1982-08-07 02:47:57','1994-04-24 19:32:24'),(49,'Jamar','Hansen','luettgen.anthony@example.net','415-130-4895','1978-04-11 07:58:17','2012-10-03 10:33:09'),(50,'Mossie','Langworth','awest@example.net','(576)080-611','2003-12-23 19:13:20','1970-12-25 18:47:26'),(51,'Yesenia','O\'Reilly','ellie.roberts@example.net','05803888896','2006-02-13 17:12:54','1971-05-31 18:42:45'),(52,'Monserrate','Funk','qconroy@example.com','1-673-021-35','2008-04-22 10:00:26','1991-03-16 01:49:05'),(53,'Raquel','Gulgowski','adah.o\'keefe@example.org','03723676853','1971-05-20 01:37:26','2000-04-25 17:06:20'),(54,'Elian','Homenick','olarson@example.org','1-428-037-31','1995-03-07 07:27:54','1993-06-13 05:40:44'),(55,'Marjory','Reynolds','will.abe@example.com','(720)335-723','1987-03-09 00:11:38','2005-07-17 05:33:51'),(56,'Martina','Cremin','linnea56@example.com','969.023.9314','1989-02-10 19:35:49','1977-12-29 17:35:50'),(57,'Syble','Corwin','bernier.lloyd@example.org','(116)181-215','1974-05-01 12:57:09','2018-11-20 07:32:18'),(58,'Carissa','Kuhic','bwatsica@example.net','1-975-241-46','1997-01-20 16:26:31','1990-04-04 10:51:17'),(59,'Emmett','Donnelly','mollie43@example.net','978.343.8264','1972-12-31 06:54:05','2016-08-22 17:56:36'),(60,'Heloise','Bergnaum','xzboncak@example.com','525-416-6228','2018-08-21 01:19:24','1980-06-19 20:24:06'),(61,'Vallie','Stroman','woodrow09@example.com','144.429.5565','1975-10-12 12:16:36','1970-05-30 18:20:06'),(62,'Valentine','Feil','abernathy.meaghan@example.net','075.624.0781','2016-01-11 07:49:02','1994-04-24 12:49:22'),(63,'Anastacio','Wyman','karlee.tremblay@example.net','1-187-329-85','1996-09-13 08:25:30','1990-01-26 09:53:57'),(64,'Tyra','Osinski','adele.fritsch@example.net','(399)555-939','1972-09-05 19:26:32','2001-05-09 05:52:23'),(65,'Tristian','Bogan','elissa18@example.com','311-710-7423','1982-03-30 06:10:03','2014-06-13 04:57:20'),(66,'Laron','Leffler','qvon@example.org','088.065.8056','1982-01-12 11:23:42','1976-07-16 05:05:33'),(67,'Frederik','Dibbert','paucek.kyra@example.com','411-958-8054','2014-12-17 13:01:49','1989-03-25 02:00:39'),(68,'Karley','Aufderhar','lucious61@example.com','900-892-5198','1985-08-07 14:12:05','1987-04-11 21:18:51'),(69,'Tyrel','Ruecker','gleichner.carroll@example.org','844.253.0991','2016-09-01 20:35:58','2002-02-26 00:47:34'),(70,'Tyrese','Zboncak','alexie.kutch@example.com','+77(6)919265','1973-07-11 08:56:22','2000-06-21 15:21:03'),(71,'Darwin','Emmerich','tatum41@example.com','(394)702-847','2009-04-04 11:49:42','2015-07-10 16:04:47'),(72,'Katelynn','Kling','blaze46@example.org','222.120.1461','2011-03-30 03:17:15','1981-07-30 22:31:54'),(73,'Linnea','McClure','addison07@example.org','1-790-932-85','1998-09-27 03:25:18','1987-03-30 18:34:02'),(74,'Federico','Anderson','homenick.tara@example.com','674-065-3688','1982-10-03 10:36:01','1993-06-04 18:26:23'),(75,'Devin','Bruen','bchamplin@example.com','1-777-505-11','1993-05-18 04:18:35','1994-01-26 04:32:10'),(76,'Heaven','Sawayn','nhuels@example.org','(437)606-728','1989-07-23 22:35:49','1979-07-17 06:08:44'),(77,'Linwood','Wolff','novella28@example.org','510.672.8910','2008-04-01 11:12:47','2016-10-20 09:29:27'),(78,'Emilio','Ferry','anderson.kozey@example.org','(867)724-264','2011-01-07 22:20:28','1982-02-27 18:08:10'),(79,'Dashawn','Kemmer','barry44@example.com','281-192-2644','2014-12-25 07:26:28','2014-01-28 08:39:46'),(80,'Edmond','Wolff','skiles.santiago@example.net','724-031-5921','1985-08-23 06:47:10','2010-07-04 15:27:27'),(81,'Furman','Gusikowski','rondricka@example.net','+34(5)197030','1999-10-05 06:19:12','1982-05-23 02:21:10'),(82,'Barbara','Bashirian','edwin.mohr@example.com','1-087-114-83','1990-06-05 19:30:01','2018-10-25 12:47:20'),(83,'Jude','Muller','alfredo.gerlach@example.org','556.702.7458','1986-12-28 11:47:48','2001-10-02 21:21:10'),(84,'Leda','Kunde','fstracke@example.org','972.208.3521','1973-05-28 22:39:30','1993-11-16 01:48:27'),(85,'Marcel','Goldner','newton.torphy@example.org','1-714-424-23','1973-03-05 20:23:36','2004-10-01 13:40:33'),(86,'Milford','Homenick','keanu77@example.com','(910)839-452','1983-10-23 10:00:37','1998-01-13 13:12:01'),(87,'Bennett','Prohaska','echristiansen@example.com','01361320532','1994-05-07 12:32:07','1973-01-03 09:37:32'),(88,'Ansley','Rohan','sammie.leannon@example.com','626.326.8906','2012-09-10 20:47:02','2013-01-06 23:42:51'),(89,'Terrill','Lebsack','eden15@example.net','1-341-453-34','1979-12-29 08:48:11','2016-05-17 16:54:40'),(90,'Rupert','Conroy','stan19@example.org','(649)671-968','2008-03-13 22:43:36','1991-08-25 11:32:18'),(91,'Candice','Gusikowski','jfadel@example.com','623.789.7076','1997-08-04 07:20:53','1986-02-13 02:40:48'),(92,'Alexander','Ortiz','frowe@example.net','076-203-2122','1974-01-02 01:42:27','2018-02-25 02:08:26'),(93,'Weldon','Collier','dhackett@example.com','1-889-248-73','1972-03-22 19:32:11','1991-08-17 03:25:28'),(94,'Gabrielle','Jast','hoeger.lonnie@example.net','02619859578','1979-06-02 19:08:48','1980-09-16 01:53:36'),(95,'Kimberly','Schowalter','rmedhurst@example.com','877-193-4711','2015-05-17 05:27:05','1987-07-23 16:03:55'),(96,'Cindy','Dietrich','qhilpert@example.com','(256)191-205','1999-03-04 07:43:40','2017-12-17 15:08:46'),(97,'Cassie','Mertz','christiana.botsford@example.org','+72(7)889980','1997-03-31 08:19:21','2003-07-06 09:48:10'),(98,'Herta','Dickens','aconroy@example.com','1-680-052-31','2006-09-09 05:40:54','1974-03-11 20:40:27'),(99,'Rosalyn','Gerhold','jason08@example.net','121-196-8300','2001-06-09 02:43:44','1991-09-11 21:02:02'),(100,'Jordane','Donnelly','jfeeney@example.net','1-031-002-76','1983-07-27 09:12:00','2002-02-11 07:45:02');
/*!40000 ALTER TABLE `users` ENABLE KEYS */;
UNLOCK TABLES;
/*!40103 SET TIME_ZONE=@OLD_TIME_ZONE */;

/*!40101 SET SQL_MODE=@OLD_SQL_MODE */;
/*!40014 SET FOREIGN_KEY_CHECKS=@OLD_FOREIGN_KEY_CHECKS */;
/*!40014 SET UNIQUE_CHECKS=@OLD_UNIQUE_CHECKS */;
/*!40101 SET CHARACTER_SET_CLIENT=@OLD_CHARACTER_SET_CLIENT */;
/*!40101 SET CHARACTER_SET_RESULTS=@OLD_CHARACTER_SET_RESULTS */;
/*!40101 SET COLLATION_CONNECTION=@OLD_COLLATION_CONNECTION */;
/*!40111 SET SQL_NOTES=@OLD_SQL_NOTES */;

-- Dump completed on 2019-11-11 19:43:51
